[{"model": "contenttypes.contenttype", "pk": 1, "fields": {"app_label": "admin", "model": "logentry"}}, {"model": "contenttypes.contenttype", "pk": 2, "fields": {"app_label": "auth", "model": "permission"}}, {"model": "contenttypes.contenttype", "pk": 3, "fields": {"app_label": "auth", "model": "group"}}, {"model": "contenttypes.contenttype", "pk": 4, "fields": {"app_label": "auth", "model": "user"}}, {"model": "contenttypes.contenttype", "pk": 5, "fields": {"app_label": "contenttypes", "model": "contenttype"}}, {"model": "contenttypes.contenttype", "pk": 6, "fields": {"app_label": "sessions", "model": "session"}}, {"model": "contenttypes.contenttype", "pk": 7, "fields": {"app_label": "authy", "model": "profile"}}, {"model": "contenttypes.contenttype", "pk": 8, "fields": {"app_label": "post", "model": "post"}}, {"model": "contenttypes.contenttype", "pk": 9, "fields": {"app_label": "post", "model": "tag"}}, {"model": "contenttypes.contenttype", "pk": 10, "fields": {"app_label": "post", "model": "follow"}}, {"model": "contenttypes.contenttype", "pk": 11, "fields": {"app_label": "post", "model": "stream"}}, {"model": "contenttypes.contenttype", "pk": 12, "fields": {"app_label": "post", "model": "likes"}}, {"model": "contenttypes.contenttype", "pk": 13, "fields": {"app_label": "comment", "model": "comment"}}, {"model": "contenttypes.contenttype", "pk": 14, "fields": {"app_label": "direct", "model": "message"}}, {"model": "contenttypes.contenttype", "pk": 15, "fields": {"app_label": "notifications", "model": "notification"}}, {"model": "contenttypes.contenttype", "pk": 16, "fields": {"app_label": "post", "model": "postfilecontent"}}, {"model": "contenttypes.contenttype", "pk": 17, "fields": {"app_label": "stories", "model": "story"}}, {"model": "contenttypes.contenttype", "pk": 18, "fields": {"app_label": "stories", "model": "storystream"}}, {"model": "contenttypes.contenttype", "pk": 19, "fields": {"app_label": "django_celery_beat", "model": "crontabschedule"}}, {"model": "contenttypes.contenttype", "pk": 20, "fields": {"app_label": "django_celery_beat", "model": "intervalschedule"}}, {"model": "contenttypes.contenttype", "pk": 21, "fields": {"app_label": "django_celery_beat", "model": "periodictask"}}, {"model": "contenttypes.contenttype", "pk": 22, "fields": {"app_label": "django_celery_beat", "model": "periodictasks"}}, {"model": "contenttypes.contenttype", "pk": 23, "fields": {"app_label": "django_celery_beat", "model": "solarschedule"}}, {"model": "contenttypes.contenttype", "pk": 24, "fields": {"app_label": "django_celery_beat", "model": "clockedschedule"}}, {"model": "sessions.session", "pk": "17o8sy77lxyceuem5zmjn19bbzbox9jf", "fields": {"session_data": "ZjgwNzAzYmM3NGZiNGNkZWNhYzM3NmZjZjAyZDQ5MmRiZDc4ZDU5MDp7fQ==", "expire_date": "2020-08-28T15:52:40.351Z"}}, {"model": "sessions.session", "pk": "4frdtk23tegwab9zuqjhgpklbzodx1my", "fields": {"session_data": "ZjgwNzAzYmM3NGZiNGNkZWNhYzM3NmZjZjAyZDQ5MmRiZDc4ZDU5MDp7fQ==", "expire_date": "2020-08-28T12:41:24.100Z"}}, {"model": "sessions.session", "pk": "5nx3cbz9xetpq30uju9vxx51c4jyap12", "fields": {"session_data": "ZjgwNzAzYmM3NGZiNGNkZWNhYzM3NmZjZjAyZDQ5MmRiZDc4ZDU5MDp7fQ==", "expire_date": "2020-08-28T15:48:03.870Z"}}, {"model": "sessions.session", "pk": "6twto27om26m7jk5o0lnyfmwh841xcp5", "fields": {"session_data": "NjBkNWQ2MDFiMDNhODUzYzJmZTZlYjE4NDAxNDVhZjhjZDI1NWY2Yjp7Il9hdXRoX3VzZXJfaWQiOiIxIiwiX2F1dGhfdXNlcl9iYWNrZW5kIjoiZGphbmdvLmNvbnRyaWIuYXV0aC5iYWNrZW5kcy5Nb2RlbEJhY2tlbmQiLCJfYXV0aF91c2VyX2hhc2giOiIxYmZjYmY1YWE0YTg1ZmFlNzE2M2ZlY2JhZWM2ZDgzNWIyOTg3NDIwIn0=", "expire_date": "2020-07-10T20:21:05.972Z"}}, {"model": "sessions.session", "pk": "8i8xp7zxo5bsrn65b10of2ekvw042okt", "fields": {"session_data": "MGM4NzcxZTYzYjVmNWE2MjUxYTJmYThlZjU1ZDA1NDdlMTY2YWJjMDp7Il9hdXRoX3VzZXJfaWQiOiI3IiwiX2F1dGhfdXNlcl9iYWNrZW5kIjoiZGphbmdvLmNvbnRyaWIuYXV0aC5iYWNrZW5kcy5Nb2RlbEJhY2tlbmQiLCJfYXV0aF91c2VyX2hhc2giOiIyM2NjYzY5YzA4NTU3YTAwZjIxNWE1YzkyYzBjMjJhM2ZjMGMxNGYzIn0=", "expire_date": "2020-08-28T14:14:22.420Z"}}, {"model": "sessions.session", "pk": "b86mbhq5vj53ofnmg87dfyqs5y7i7pch", "fields": {"session_data": "ZjgwNzAzYmM3NGZiNGNkZWNhYzM3NmZjZjAyZDQ5MmRiZDc4ZDU5MDp7fQ==", "expire_date": "2020-08-28T15:57:29.725Z"}}, {"model": "sessions.session", "pk": "chlas6o843d5qvmx76tc8isfqs63qyim", "fields": {"session_data": "OGZhNTE4NTY1Y2RmZWRhMDYyYjExNDQ2OTFiOGI5NTM1YTFiOGYxNDp7Il9hdXRoX3VzZXJfaWQiOiIyIiwiX2F1dGhfdXNlcl9iYWNrZW5kIjoiZGphbmdvLmNvbnRyaWIuYXV0aC5iYWNrZW5kcy5Nb2RlbEJhY2tlbmQiLCJfYXV0aF91c2VyX2hhc2giOiI5ZTBiYzRhYzkyOGM1NjJlZThjNmI2YmIzOGI5MGIwMWUyM2IxNDJhIn0=", "expire_date": "2020-11-07T07:52:50.399Z"}}, {"model": "sessions.session", "pk": "lj96n2y18wgvup8faqsvax1tofsc8709", "fields": {"session_data": "OGZhNTE4NTY1Y2RmZWRhMDYyYjExNDQ2OTFiOGI5NTM1YTFiOGYxNDp7Il9hdXRoX3VzZXJfaWQiOiIyIiwiX2F1dGhfdXNlcl9iYWNrZW5kIjoiZGphbmdvLmNvbnRyaWIuYXV0aC5iYWNrZW5kcy5Nb2RlbEJhY2tlbmQiLCJfYXV0aF91c2VyX2hhc2giOiI5ZTBiYzRhYzkyOGM1NjJlZThjNmI2YmIzOGI5MGIwMWUyM2IxNDJhIn0=", "expire_date": "2020-10-30T00:40:46.067Z"}}, {"model": "sessions.session", "pk": "odb5virfji6hnbznvnoqlj2x44dajor1", "fields": {"session_data": "ZjgwNzAzYmM3NGZiNGNkZWNhYzM3NmZjZjAyZDQ5MmRiZDc4ZDU5MDp7fQ==", "expire_date": "2020-08-31T23:24:35.966Z"}}, {"model": "sessions.session", "pk": "qfuzvvffk4q535tiw26jvkog6edtl7yl", "fields": {"session_data": "ZjgwNzAzYmM3NGZiNGNkZWNhYzM3NmZjZjAyZDQ5MmRiZDc4ZDU5MDp7fQ==", "expire_date": "2020-08-28T15:55:57.270Z"}}, {"model": "sessions.session", "pk": "u1yt49ubd9y9ufx3fhulxu07lzjxk28f", "fields": {"session_data": "NjBkNWQ2MDFiMDNhODUzYzJmZTZlYjE4NDAxNDVhZjhjZDI1NWY2Yjp7Il9hdXRoX3VzZXJfaWQiOiIxIiwiX2F1dGhfdXNlcl9iYWNrZW5kIjoiZGphbmdvLmNvbnRyaWIuYXV0aC5iYWNrZW5kcy5Nb2RlbEJhY2tlbmQiLCJfYXV0aF91c2VyX2hhc2giOiIxYmZjYmY1YWE0YTg1ZmFlNzE2M2ZlY2JhZWM2ZDgzNWIyOTg3NDIwIn0=", "expire_date": "2020-10-25T01:16:05.724Z"}}, {"model": "sessions.session", "pk": "vpjlae1su0sfgg60sopyu4f7bdk6zwfz", "fields": {"session_data": "ZjgwNzAzYmM3NGZiNGNkZWNhYzM3NmZjZjAyZDQ5MmRiZDc4ZDU5MDp7fQ==", "expire_date": "2020-08-28T15:45:43.050Z"}}, {"model": "sessions.session", "pk": "wsinm1tykk7dnlq3e9j9pyq2rewvc5rc", "fields": {"session_data": "MTlkMDVhZTQ0MjFhNWM1NTRkZDZkNDYxMTRjMTZjNTZjZGE3NTYzODp7Il9hdXRoX3VzZXJfaWQiOiIxIiwiX2F1dGhfdXNlcl9iYWNrZW5kIjoiZGphbmdvLmNvbnRyaWIuYXV0aC5iYWNrZW5kcy5Nb2RlbEJhY2tlbmQiLCJfYXV0aF91c2VyX2hhc2giOiI3NGNkOGNkMzJlOTM4Y2ViZGRkOWEwM2I1OTM4NjViZmFhMjhiM2NjIn0=", "expire_date": "2020-07-02T15:52:21.437Z"}}, {"model": "sessions.session", "pk": "yiedvq8wy58unkx1ps4l98zhysfid66b", "fields": {"session_data": "OGZhNTE4NTY1Y2RmZWRhMDYyYjExNDQ2OTFiOGI5NTM1YTFiOGYxNDp7Il9hdXRoX3VzZXJfaWQiOiIyIiwiX2F1dGhfdXNlcl9iYWNrZW5kIjoiZGphbmdvLmNvbnRyaWIuYXV0aC5iYWNrZW5kcy5Nb2RlbEJhY2tlbmQiLCJfYXV0aF91c2VyX2hhc2giOiI5ZTBiYzRhYzkyOGM1NjJlZThjNmI2YmIzOGI5MGIwMWUyM2IxNDJhIn0=", "expire_date": "2020-08-01T15:06:37.922Z"}}, {"model": "post.tag", "pk": 1, "fields": {"title": "mountain", "slug": "mountain"}}, {"model": "post.tag", "pk": 2, "fields": {"title": "dark souls", "slug": "darksouls"}}, {"model": "post.tag", "pk": 3, "fields": {"title": "sabado", "slug": "sabado"}}, {"model": "post.tag", "pk": 4, "fields": {"title": "artorias", "slug": "artorias"}}, {"model": "post.tag", "pk": 5, "fields": {"title": "monitor", "slug": "monitor"}}, {"model": "post.tag", "pk": 6, "fields": {"title": "world", "slug": "world"}}, {"model": "post.tag", "pk": 7, "fields": {"title": "hibana", "slug": "hibana"}}, {"model": "post.tag", "pk": 8, "fields": {"title": "test", "slug": "test"}}, {"model": "post.tag", "pk": 9, "fields": {"title": "tesla", "slug": "tesla"}}, {"model": "post.tag", "pk": 10, "fields": {"title": "subaru", "slug": "subaru"}}, {"model": "post.tag", "pk": 11, "fields": {"title": "['finally', 'tesla', 'working', 'bitch']", "slug": "finally-tesla-working-bitch"}}, {"model": "post.tag", "pk": 12, "fields": {"title": "finally", "slug": "finally"}}, {"model": "post.tag", "pk": 13, "fields": {"title": "working", "slug": "working"}}, {"model": "post.tag", "pk": 14, "fields": {"title": "bitch", "slug": "bitch"}}, {"model": "post.tag", "pk": 15, "fields": {"title": "microsoft", "slug": "microsoft"}}, {"model": "post.tag", "pk": 16, "fields": {"title": " software", "slug": "software"}}, {"model": "post.tag", "pk": 17, "fields": {"title": " company", "slug": "company"}}, {"model": "post.tag", "pk": 18, "fields": {"title": "prueba", "slug": "prueba"}}, {"model": "post.tag", "pk": 19, "fields": {"title": "porsche", "slug": "porsche"}}, {"model": "post.tag", "pk": 20, "fields": {"title": " 911", "slug": "911"}}, {"model": "post.tag", "pk": 21, "fields": {"title": "  carrera", "slug": "carrera"}}, {"model": "post.tag", "pk": 22, "fields": {"title": "awards", "slug": "awards"}}, {"model": "post.tag", "pk": 23, "fields": {"title": " lastnight", "slug": "lastnight"}}, {"model": "post.tag", "pk": 24, "fields": {"title": "concert", "slug": "concert"}}, {"model": "post.tag", "pk": 25, "fields": {"title": " musician", "slug": "musician"}}, {"model": "post.tag", "pk": 26, "fields": {"title": "files", "slug": "files"}}, {"model": "post.tag", "pk": 27, "fields": {"title": " django", "slug": "django"}}, {"model": "post.tag", "pk": 28, "fields": {"title": "video", "slug": "video"}}, {"model": "post.tag", "pk": 29, "fields": {"title": " post", "slug": "post"}}, {"model": "post.tag", "pk": 30, "fields": {"title": "alone", "slug": "alone"}}, {"model": "post.tag", "pk": 31, "fields": {"title": "nature", "slug": "nature"}}, {"model": "post.tag", "pk": 32, "fields": {"title": " trip", "slug": "trip"}}, {"model": "post.tag", "pk": 33, "fields": {"title": " outdoor", "slug": "outdoor"}}, {"model": "post.tag", "pk": 34, "fields": {"title": "profile", "slug": "profile"}}, {"model": "post.tag", "pk": 35, "fields": {"title": " avatar", "slug": "avatar"}}, {"model": "post.tag", "pk": 36, "fields": {"title": "election", "slug": "election"}}, {"model": "post.tag", "pk": 37, "fields": {"title": " picture", "slug": "picture"}}, {"model": "django_celery_beat.intervalschedule", "pk": 1, "fields": {"every": 1, "period": "minutes"}}, {"model": "django_celery_beat.intervalschedule", "pk": 2, "fields": {"every": 2, "period": "minutes"}}, {"model": "django_celery_beat.crontabschedule", "pk": 1, "fields": {"minute": "0", "hour": "4", "day_of_week": "*", "day_of_month": "*", "month_of_year": "*", "timezone": "UTC"}}, {"model": "django_celery_beat.periodictasks", "pk": 1, "fields": {"last_update": "2020-10-24T07:37:51.867Z"}}, {"model": "django_celery_beat.periodictask", "pk": 1, "fields": {"name": "Expired", "task": "stories.tasks.CheckStoriesDate", "interval": 1, "crontab": null, "solar": null, "clocked": null, "args": "[]", "kwargs": "{}", "queue": null, "exchange": null, "routing_key": null, "headers": "{}", "priority": null, "expires": null, "expire_seconds": null, "one_off": false, "start_time": null, "enabled": true, "last_run_at": "2020-10-24T07:40:24.473Z", "total_run_count": 12, "date_changed": "2020-10-24T07:40:59.550Z", "description": "Check for expired stories"}}, {"model": "django_celery_beat.periodictask", "pk": 2, "fields": {"name": "celery.backend_cleanup", "task": "celery.backend_cleanup", "interval": null, "crontab": 1, "solar": null, "clocked": null, "args": "[]", "kwargs": "{}", "queue": null, "exchange": null, "routing_key": null, "headers": "{}", "priority": null, "expires": null, "expire_seconds": 43200, "one_off": false, "start_time": null, "enabled": true, "last_run_at": null, "total_run_count": 0, "date_changed": "2020-10-24T07:37:51.875Z", "description": ""}}, {"model": "django_celery_beat.periodictask", "pk": 3, "fields": {"name": "Delete Expired", "task": "stories.tasks.DeleteExpired", "interval": 2, "crontab": null, "solar": null, "clocked": null, "args": "[]", "kwargs": "{}", "queue": null, "exchange": null, "routing_key": null, "headers": "{}", "priority": null, "expires": null, "expire_seconds": null, "one_off": false, "start_time": null, "enabled": true, "last_run_at": "2020-10-24T07:39:51.850Z", "total_run_count": 1, "date_changed": "2020-10-24T07:40:59.565Z", "description": "Delete expired"}}, {"model": "auth.permission", "pk": 1, "fields": {"name": "Can add log entry", "content_type": 1, "codename": "add_logentry"}}, {"model": "auth.permission", "pk": 2, "fields": {"name": "Can change log entry", "content_type": 1, "codename": "change_logentry"}}, {"model": "auth.permission", "pk": 3, "fields": {"name": "Can delete log entry", "content_type": 1, "codename": "delete_logentry"}}, {"model": "auth.permission", "pk": 4, "fields": {"name": "Can view log entry", "content_type": 1, "codename": "view_logentry"}}, {"model": "auth.permission", "pk": 5, "fields": {"name": "Can add permission", "content_type": 2, "codename": "add_permission"}}, {"model": "auth.permission", "pk": 6, "fields": {"name": "Can change permission", "content_type": 2, "codename": "change_permission"}}, {"model": "auth.permission", "pk": 7, "fields": {"name": "Can delete permission", "content_type": 2, "codename": "delete_permission"}}, {"model": "auth.permission", "pk": 8, "fields": {"name": "Can view permission", "content_type": 2, "codename": "view_permission"}}, {"model": "auth.permission", "pk": 9, "fields": {"name": "Can add group", "content_type": 3, "codename": "add_group"}}, {"model": "auth.permission", "pk": 10, "fields": {"name": "Can change group", "content_type": 3, "codename": "change_group"}}, {"model": "auth.permission", "pk": 11, "fields": {"name": "Can delete group", "content_type": 3, "codename": "delete_group"}}, {"model": "auth.permission", "pk": 12, "fields": {"name": "Can view group", "content_type": 3, "codename": "view_group"}}, {"model": "auth.permission", "pk": 13, "fields": {"name": "Can add user", "content_type": 4, "codename": "add_user"}}, {"model": "auth.permission", "pk": 14, "fields": {"name": "Can change user", "content_type": 4, "codename": "change_user"}}, {"model": "auth.permission", "pk": 15, "fields": {"name": "Can delete user", "content_type": 4, "codename": "delete_user"}}, {"model": "auth.permission", "pk": 16, "fields": {"name": "Can view user", "content_type": 4, "codename": "view_user"}}, {"model": "auth.permission", "pk": 17, "fields": {"name": "Can add content type", "content_type": 5, "codename": "add_contenttype"}}, {"model": "auth.permission", "pk": 18, "fields": {"name": "Can change content type", "content_type": 5, "codename": "change_contenttype"}}, {"model": "auth.permission", "pk": 19, "fields": {"name": "Can delete content type", "content_type": 5, "codename": "delete_contenttype"}}, {"model": "auth.permission", "pk": 20, "fields": {"name": "Can view content type", "content_type": 5, "codename": "view_contenttype"}}, {"model": "auth.permission", "pk": 21, "fields": {"name": "Can add session", "content_type": 6, "codename": "add_session"}}, {"model": "auth.permission", "pk": 22, "fields": {"name": "Can change session", "content_type": 6, "codename": "change_session"}}, {"model": "auth.permission", "pk": 23, "fields": {"name": "Can delete session", "content_type": 6, "codename": "delete_session"}}, {"model": "auth.permission", "pk": 24, "fields": {"name": "Can view session", "content_type": 6, "codename": "view_session"}}, {"model": "auth.permission", "pk": 25, "fields": {"name": "Can add profile", "content_type": 7, "codename": "add_profile"}}, {"model": "auth.permission", "pk": 26, "fields": {"name": "Can change profile", "content_type": 7, "codename": "change_profile"}}, {"model": "auth.permission", "pk": 27, "fields": {"name": "Can delete profile", "content_type": 7, "codename": "delete_profile"}}, {"model": "auth.permission", "pk": 28, "fields": {"name": "Can view profile", "content_type": 7, "codename": "view_profile"}}, {"model": "auth.permission", "pk": 29, "fields": {"name": "Can add post", "content_type": 8, "codename": "add_post"}}, {"model": "auth.permission", "pk": 30, "fields": {"name": "Can change post", "content_type": 8, "codename": "change_post"}}, {"model": "auth.permission", "pk": 31, "fields": {"name": "Can delete post", "content_type": 8, "codename": "delete_post"}}, {"model": "auth.permission", "pk": 32, "fields": {"name": "Can view post", "content_type": 8, "codename": "view_post"}}, {"model": "auth.permission", "pk": 33, "fields": {"name": "Can add Tag", "content_type": 9, "codename": "add_tag"}}, {"model": "auth.permission", "pk": 34, "fields": {"name": "Can change Tag", "content_type": 9, "codename": "change_tag"}}, {"model": "auth.permission", "pk": 35, "fields": {"name": "Can delete Tag", "content_type": 9, "codename": "delete_tag"}}, {"model": "auth.permission", "pk": 36, "fields": {"name": "Can view Tag", "content_type": 9, "codename": "view_tag"}}, {"model": "auth.permission", "pk": 37, "fields": {"name": "Can add follow", "content_type": 10, "codename": "add_follow"}}, {"model": "auth.permission", "pk": 38, "fields": {"name": "Can change follow", "content_type": 10, "codename": "change_follow"}}, {"model": "auth.permission", "pk": 39, "fields": {"name": "Can delete follow", "content_type": 10, "codename": "delete_follow"}}, {"model": "auth.permission", "pk": 40, "fields": {"name": "Can view follow", "content_type": 10, "codename": "view_follow"}}, {"model": "auth.permission", "pk": 41, "fields": {"name": "Can add stream", "content_type": 11, "codename": "add_stream"}}, {"model": "auth.permission", "pk": 42, "fields": {"name": "Can change stream", "content_type": 11, "codename": "change_stream"}}, {"model": "auth.permission", "pk": 43, "fields": {"name": "Can delete stream", "content_type": 11, "codename": "delete_stream"}}, {"model": "auth.permission", "pk": 44, "fields": {"name": "Can view stream", "content_type": 11, "codename": "view_stream"}}, {"model": "auth.permission", "pk": 45, "fields": {"name": "Can add likes", "content_type": 12, "codename": "add_likes"}}, {"model": "auth.permission", "pk": 46, "fields": {"name": "Can change likes", "content_type": 12, "codename": "change_likes"}}, {"model": "auth.permission", "pk": 47, "fields": {"name": "Can delete likes", "content_type": 12, "codename": "delete_likes"}}, {"model": "auth.permission", "pk": 48, "fields": {"name": "Can view likes", "content_type": 12, "codename": "view_likes"}}, {"model": "auth.permission", "pk": 49, "fields": {"name": "Can add comment", "content_type": 13, "codename": "add_comment"}}, {"model": "auth.permission", "pk": 50, "fields": {"name": "Can change comment", "content_type": 13, "codename": "change_comment"}}, {"model": "auth.permission", "pk": 51, "fields": {"name": "Can delete comment", "content_type": 13, "codename": "delete_comment"}}, {"model": "auth.permission", "pk": 52, "fields": {"name": "Can view comment", "content_type": 13, "codename": "view_comment"}}, {"model": "auth.permission", "pk": 53, "fields": {"name": "Can add message", "content_type": 14, "codename": "add_message"}}, {"model": "auth.permission", "pk": 54, "fields": {"name": "Can change message", "content_type": 14, "codename": "change_message"}}, {"model": "auth.permission", "pk": 55, "fields": {"name": "Can delete message", "content_type": 14, "codename": "delete_message"}}, {"model": "auth.permission", "pk": 56, "fields": {"name": "Can view message", "content_type": 14, "codename": "view_message"}}, {"model": "auth.permission", "pk": 57, "fields": {"name": "Can add notification", "content_type": 15, "codename": "add_notification"}}, {"model": "auth.permission", "pk": 58, "fields": {"name": "Can change notification", "content_type": 15, "codename": "change_notification"}}, {"model": "auth.permission", "pk": 59, "fields": {"name": "Can delete notification", "content_type": 15, "codename": "delete_notification"}}, {"model": "auth.permission", "pk": 60, "fields": {"name": "Can view notification", "content_type": 15, "codename": "view_notification"}}, {"model": "auth.permission", "pk": 61, "fields": {"name": "Can add post file content", "content_type": 16, "codename": "add_postfilecontent"}}, {"model": "auth.permission", "pk": 62, "fields": {"name": "Can change post file content", "content_type": 16, "codename": "change_postfilecontent"}}, {"model": "auth.permission", "pk": 63, "fields": {"name": "Can delete post file content", "content_type": 16, "codename": "delete_postfilecontent"}}, {"model": "auth.permission", "pk": 64, "fields": {"name": "Can view post file content", "content_type": 16, "codename": "view_postfilecontent"}}, {"model": "auth.permission", "pk": 65, "fields": {"name": "Can add story", "content_type": 17, "codename": "add_story"}}, {"model": "auth.permission", "pk": 66, "fields": {"name": "Can change story", "content_type": 17, "codename": "change_story"}}, {"model": "auth.permission", "pk": 67, "fields": {"name": "Can delete story", "content_type": 17, "codename": "delete_story"}}, {"model": "auth.permission", "pk": 68, "fields": {"name": "Can view story", "content_type": 17, "codename": "view_story"}}, {"model": "auth.permission", "pk": 69, "fields": {"name": "Can add story stream", "content_type": 18, "codename": "add_storystream"}}, {"model": "auth.permission", "pk": 70, "fields": {"name": "Can change story stream", "content_type": 18, "codename": "change_storystream"}}, {"model": "auth.permission", "pk": 71, "fields": {"name": "Can delete story stream", "content_type": 18, "codename": "delete_storystream"}}, {"model": "auth.permission", "pk": 72, "fields": {"name": "Can view story stream", "content_type": 18, "codename": "view_storystream"}}, {"model": "auth.permission", "pk": 73, "fields": {"name": "Can add crontab", "content_type": 19, "codename": "add_crontabschedule"}}, {"model": "auth.permission", "pk": 74, "fields": {"name": "Can change crontab", "content_type": 19, "codename": "change_crontabschedule"}}, {"model": "auth.permission", "pk": 75, "fields": {"name": "Can delete crontab", "content_type": 19, "codename": "delete_crontabschedule"}}, {"model": "auth.permission", "pk": 76, "fields": {"name": "Can view crontab", "content_type": 19, "codename": "view_crontabschedule"}}, {"model": "auth.permission", "pk": 77, "fields": {"name": "Can add interval", "content_type": 20, "codename": "add_intervalschedule"}}, {"model": "auth.permission", "pk": 78, "fields": {"name": "Can change interval", "content_type": 20, "codename": "change_intervalschedule"}}, {"model": "auth.permission", "pk": 79, "fields": {"name": "Can delete interval", "content_type": 20, "codename": "delete_intervalschedule"}}, {"model": "auth.permission", "pk": 80, "fields": {"name": "Can view interval", "content_type": 20, "codename": "view_intervalschedule"}}, {"model": "auth.permission", "pk": 81, "fields": {"name": "Can add periodic task", "content_type": 21, "codename": "add_periodictask"}}, {"model": "auth.permission", "pk": 82, "fields": {"name": "Can change periodic task", "content_type": 21, "codename": "change_periodictask"}}, {"model": "auth.permission", "pk": 83, "fields": {"name": "Can delete periodic task", "content_type": 21, "codename": "delete_periodictask"}}, {"model": "auth.permission", "pk": 84, "fields": {"name": "Can view periodic task", "content_type": 21, "codename": "view_periodictask"}}, {"model": "auth.permission", "pk": 85, "fields": {"name": "Can add periodic tasks", "content_type": 22, "codename": "add_periodictasks"}}, {"model": "auth.permission", "pk": 86, "fields": {"name": "Can change periodic tasks", "content_type": 22, "codename": "change_periodictasks"}}, {"model": "auth.permission", "pk": 87, "fields": {"name": "Can delete periodic tasks", "content_type": 22, "codename": "delete_periodictasks"}}, {"model": "auth.permission", "pk": 88, "fields": {"name": "Can view periodic tasks", "content_type": 22, "codename": "view_periodictasks"}}, {"model": "auth.permission", "pk": 89, "fields": {"name": "Can add solar event", "content_type": 23, "codename": "add_solarschedule"}}, {"model": "auth.permission", "pk": 90, "fields": {"name": "Can change solar event", "content_type": 23, "codename": "change_solarschedule"}}, {"model": "auth.permission", "pk": 91, "fields": {"name": "Can delete solar event", "content_type": 23, "codename": "delete_solarschedule"}}, {"model": "auth.permission", "pk": 92, "fields": {"name": "Can view solar event", "content_type": 23, "codename": "view_solarschedule"}}, {"model": "auth.permission", "pk": 93, "fields": {"name": "Can add clocked", "content_type": 24, "codename": "add_clockedschedule"}}, {"model": "auth.permission", "pk": 94, "fields": {"name": "Can change clocked", "content_type": 24, "codename": "change_clockedschedule"}}, {"model": "auth.permission", "pk": 95, "fields": {"name": "Can delete clocked", "content_type": 24, "codename": "delete_clockedschedule"}}, {"model": "auth.permission", "pk": 96, "fields": {"name": "Can view clocked", "content_type": 24, "codename": "view_clockedschedule"}}, {"model": "auth.user", "pk": 1, "fields": {"password": "pbkdf2_sha256$180000$zpM3X9OMMtpB$UEPt4A8v8muEDOQ/ql/j62+4lXl0rJtEZJhKpJku2QA=", "last_login": "2020-10-15T23:07:15.208Z", "is_superuser": true, "username": "byronlara", "first_name": "Byron", "last_name": "Lara", "email": "byronlara@email.com", "is_staff": true, "is_active": true, "date_joined": "2020-06-18T15:40:09Z", "groups": [], "user_permissions": []}}, {"model": "auth.user", "pk": 2, "fields": {"password": "pbkdf2_sha256$180000$LPATtcGQ4L1T$Aj4pxX8bU2AcKNNeaohi3t59UQXExbhWydL9ZOwenAI=", "last_login": "2020-10-24T07:52:50.388Z", "is_superuser": true, "username": "laracode", "first_name": "Lara", "last_name": "Code", "email": "laracode@email.com", "is_staff": true, "is_active": true, "date_joined": "2020-06-26T17:08:59Z", "groups": [], "user_permissions": []}}, {"model": "auth.user", "pk": 3, "fields": {"password": "pbkdf2_sha256$180000$YpeJDuEOHSPr$JGPtjWDBt2KtBi/EaLCx2jN+iHTcOYlY1Oo1/hFlQc8=", "last_login": "2020-10-15T04:42:26.863Z", "is_superuser": false, "username": "elonmusk", "first_name": "Elon", "last_name": "Musk", "email": "elonmusk@email.com", "is_staff": false, "is_active": true, "date_joined": "2020-06-26T18:25:06Z", "groups": [], "user_permissions": []}}, {"model": "auth.user", "pk": 4, "fields": {"password": "pbkdf2_sha256$180000$Nw44M4KejCk9$WGOKlNG9hok5IarroADgyYpi+l02Ea/FHpeloFtgfEw=", "last_login": "2020-10-24T07:33:58.199Z", "is_superuser": false, "username": "billgates", "first_name": "Bill", "last_name": "Gates", "email": "billgates@billgates.com", "is_staff": false, "is_active": true, "date_joined": "2020-07-17T15:50:46Z", "groups": [], "user_permissions": []}}, {"model": "auth.user", "pk": 5, "fields": {"password": "pbkdf2_sha256$180000$lGDe6ukw0fiX$fjlbIp+BFg9sexSH1jV6OIKqkByMlPlf9xbRCn3y50U=", "last_login": "2020-08-17T23:44:48.358Z", "is_superuser": false, "username": "franksinatra", "first_name": "", "last_name": "", "email": "franksinatra@email.com", "is_staff": false, "is_active": true, "date_joined": "2020-08-10T00:15:23.322Z", "groups": [], "user_permissions": []}}, {"model": "auth.user", "pk": 6, "fields": {"password": "pbkdf2_sha256$180000$RY0A5q41EIyW$G+8eNReWEP8+s5YWSkwjYB6F63TpoqbTjyofKhqoC4U=", "last_login": "2020-08-11T23:06:03.681Z", "is_superuser": false, "username": "caitlinsteed", "first_name": "", "last_name": "", "email": "caitlin.steed1@gmail.com", "is_staff": false, "is_active": true, "date_joined": "2020-08-11T00:35:11.768Z", "groups": [], "user_permissions": []}}, {"model": "auth.user", "pk": 7, "fields": {"password": "pbkdf2_sha256$180000$gGAzaOg8hFc1$sjYU7Xp+Y7VQnkLCd0otFhBTkzTzNHEiU3BfyqfbiBI=", "last_login": "2020-08-14T16:07:56.284Z", "is_superuser": false, "username": "ginalindeman", "first_name": "", "last_name": "", "email": "ginalindeman@email.com", "is_staff": false, "is_active": true, "date_joined": "2020-08-13T23:21:44.145Z", "groups": [], "user_permissions": []}}, {"model": "auth.user", "pk": 9, "fields": {"password": "pbkdf2_sha256$180000$QselFcyreHM9$ja9uKB0CRcorKH2Oh1ZyXZP+Fm3Dqc9O/8iUhfjEOvA=", "last_login": "2020-08-17T23:26:46.739Z", "is_superuser": false, "username": "scarlettjohansson", "first_name": "", "last_name": "", "email": "scarlet@email.com", "is_staff": false, "is_active": true, "date_joined": "2020-08-17T23:25:21.416Z", "groups": [], "user_permissions": []}}, {"model": "auth.user", "pk": 10, "fields": {"password": "pbkdf2_sha256$180000$KiLnQ8UpBrKf$MBZboIVl8f6WuPHELD0OrexWVnNzE2eIkFhDPBS5fmM=", "last_login": "2020-10-15T04:41:27.745Z", "is_superuser": false, "username": "zuck", "first_name": "", "last_name": "", "email": "zuck@email.com", "is_staff": false, "is_active": true, "date_joined": "2020-10-15T04:39:48.117Z", "groups": [], "user_permissions": []}}, {"model": "auth.user", "pk": 11, "fields": {"password": "pbkdf2_sha256$180000$hnMu2JB7Ng8S$L1D4wuD5nICNydcnWqtjPEMvz9MQxGnrVj9/qx50mU4=", "last_login": "2020-10-15T04:40:20.038Z", "is_superuser": false, "username": "jeffbezos", "first_name": "", "last_name": "", "email": "jeffbezos@email.com", "is_staff": false, "is_active": true, "date_joined": "2020-10-15T04:40:15.668Z", "groups": [], "user_permissions": []}}, {"model": "auth.user", "pk": 12, "fields": {"password": "pbkdf2_sha256$180000$JfDNKWQlS2Nj$o6Z5zE8AoVIPksApYID0yXPfBTf9NIwM55PmGRfKJg0=", "last_login": "2021-01-11T07:40:08.484Z", "is_superuser": true, "username": "demo", "first_name": "Demo", "last_name": "Demo Demo", "email": "demo@email.com", "is_staff": true, "is_active": true, "date_joined": "2020-10-24T07:52:31Z", "groups": [], "user_permissions": [1, 2, 3, 4, 9, 10, 11, 12, 5, 6, 7, 8, 13, 14, 15, 16, 25, 26, 27, 28, 49, 50, 51, 52, 17, 18, 19, 20, 53, 54, 55, 56, 93, 94, 95, 96, 73, 74, 75, 76, 77, 78, 79, 80, 81, 82, 83, 84, 85, 86, 87, 88, 89, 90, 91, 92, 57, 58, 59, 60, 37, 38, 39, 40, 45, 46, 47, 48, 29, 30, 31, 32, 61, 62, 63, 64, 41, 42, 43, 44, 33, 34, 35, 36, 21, 22, 23, 24, 65, 66, 67, 68, 69, 70, 71, 72]}}, {"model": "auth.user", "pk": 13, "fields": {"password": "pbkdf2_sha256$180000$iASPnPwROhlv$YlRSFVlwHfVVAWqLyahA7GW38GkwVwE2prWIc35uYWo=", "last_login": "2021-01-11T07:15:31.903Z", "is_superuser": false, "username": "miran", "first_name": "", "last_name": "", "email": "miran@miran.ru", "is_staff": false, "is_active": true, "date_joined": "2021-01-11T07:13:53.414Z", "groups": [], "user_permissions": []}}, {"model": "auth.user", "pk": 14, "fields": {"password": "pbkdf2_sha256$180000$vDfqI5ZxFawY$iy7slkKNAzgwYPVZuGoxx8fT4MFp2XLb8ZvlyDkgMzs=", "last_login": "2021-01-11T07:54:50.771Z", "is_superuser": false, "username": "ruslan", "first_name": "", "last_name": "", "email": "ruslan@ruslan.ru", "is_staff": false, "is_active": true, "date_joined": "2021-01-11T07:54:40.811Z", "groups": [], "user_permissions": []}}, {"model": "auth.user", "pk": 15, "fields": {"password": "pbkdf2_sha256$180000$xhczXd8AQZYm$fdTUPaE5Nc7BMV1jm/nwMH4Sh/rkBwpK2k3gi0FPI00=", "last_login": "2021-01-11T08:02:03.155Z", "is_superuser": false, "username": "Sadyr", "first_name": "", "last_name": "", "email": "sadyr@mail.ru", "is_staff": false, "is_active": true, "date_joined": "2021-01-11T08:01:56.118Z", "groups": [], "user_permissions": []}}, {"model": "authy.profile", "pk": 1, "fields": {"user": 1, "first_name": null, "last_name": null, "location": null, "url": null, "profile_info": null, "created": "2020-06-18", "picture": "", "favorites": []}}, {"model": "authy.profile", "pk": 2, "fields": {"user": 2, "first_name": "Lara", "last_name": "Code", "location": "", "url": "", "profile_info": "", "created": "2020-06-26", "picture": "", "favorites": []}}, {"model": "authy.profile", "pk": 3, "fields": {"user": 3, "first_name": "Elon", "last_name": "Musk", "location": "USA", "url": "http://www.x.com", "profile_info": "Meme lord", "created": "2020-06-26", "picture": "user_3/profile.jpg", "favorites": []}}, {"model": "authy.profile", "pk": 4, "fields": {"user": 4, "first_name": "Bill", "last_name": "Gates", "location": "USA", "url": "http://www.billgates.com", "profile_info": "Microsoft", "created": "2020-07-17", "picture": "profile_pictures/bill.jpg", "favorites": []}}, {"model": "authy.profile", "pk": 5, "fields": {"user": 5, "first_name": "Frank", "last_name": "Sinatra", "location": "USA", "url": "http://www.franksinatra.com", "profile_info": "Hello,  you are in my profile", "created": "2020-08-10", "picture": "user_5/profile.jpg", "favorites": []}}, {"model": "authy.profile", "pk": 6, "fields": {"user": 6, "first_name": null, "last_name": null, "location": null, "url": null, "profile_info": null, "created": "2020-08-11", "picture": "", "favorites": []}}, {"model": "authy.profile", "pk": 7, "fields": {"user": 7, "first_name": "Gina", "last_name": "Lindeman", "location": "Germany", "url": "http://www.gina.com", "profile_info": "Hello,  you are in my profile", "created": "2020-08-13", "picture": "user_7/profile.jpg", "favorites": []}}, {"model": "authy.profile", "pk": 8, "fields": {"user": 9, "first_name": "Scarlett", "last_name": "Johansson", "location": "USA", "url": "http://www.scarlettjohanson.com", "profile_info": "Hello,  you are in my profile", "created": "2020-08-17", "picture": "user_9/profile.jpg", "favorites": []}}, {"model": "authy.profile", "pk": 9, "fields": {"user": 10, "first_name": "Mark", "last_name": "Zuckerberg", "location": "USA", "url": "http://www.zuck.com", "profile_info": "Stop copying my websites", "created": "2020-10-15", "picture": "user_10/profile.jpg", "favorites": []}}, {"model": "authy.profile", "pk": 10, "fields": {"user": 11, "first_name": "Jeff", "last_name": "Bezos", "location": "USA", "url": "http://www.jeffbezos.com", "profile_info": "I'm the richest person on planet. Keep buying my stuff on Amazon.", "created": "2020-10-15", "picture": "user_11/profile.jpg", "favorites": []}}, {"model": "authy.profile", "pk": 11, "fields": {"user": 12, "first_name": "Demo", "last_name": "Demo Demo", "location": "your pc", "url": "https://www.github.com/byronlara5", "profile_info": "Hello World!", "created": "2020-10-24", "picture": "", "favorites": ["c7d636aa-dc3b-476d-986f-4b24367ceb0a"]}}, {"model": "authy.profile", "pk": 12, "fields": {"user": 13, "first_name": "Miran", "last_name": "Abdivasiev", "location": "Bishkek", "url": "", "profile_info": "", "created": "2021-01-11", "picture": "user_13/profile.jpg", "favorites": []}}, {"model": "authy.profile", "pk": 13, "fields": {"user": 14, "first_name": "Ruslan", "last_name": "Pak", "location": "Bishkek", "url": "", "profile_info": "", "created": "2021-01-11", "picture": "user_14/profile.jpg", "favorites": []}}, {"model": "authy.profile", "pk": 14, "fields": {"user": 15, "first_name": null, "last_name": null, "location": null, "url": null, "profile_info": null, "created": "2021-01-11", "picture": "", "favorites": []}}, {"model": "post.postfilecontent", "pk": 1, "fields": {"user": 4, "file": "user_4/1473746638306.jpg"}}, {"model": "post.postfilecontent", "pk": 2, "fields": {"user": 4, "file": "user_4/dims.jpg"}}, {"model": "post.postfilecontent", "pk": 3, "fields": {"user": 4, "file": "user_4/1473746638306_bhzROKZ.jpg"}}, {"model": "post.postfilecontent", "pk": 4, "fields": {"user": 4, "file": "user_4/dims_HH8EK5N.jpg"}}, {"model": "post.postfilecontent", "pk": 5, "fields": {"user": 4, "file": "user_4/porsche911gt3rs_01.jpg"}}, {"model": "post.postfilecontent", "pk": 6, "fields": {"user": 4, "file": "user_4/When_they_have_face_tattoos.mp4"}}, {"model": "post.postfilecontent", "pk": 7, "fields": {"user": 4, "file": "user_4/When_they_have_face_tattoos_HQaN9Gq.mp4"}}, {"model": "post.postfilecontent", "pk": 8, "fields": {"user": 13, "file": "user_13/photo_2020-10-25_21-06-35.jpg"}}, {"model": "post.postfilecontent", "pk": 9, "fields": {"user": 14, "file": "user_14/photo_2021-01-11_13-55-37.jpg"}}, {"model": "post.postfilecontent", "pk": 10, "fields": {"user": 15, "file": "user_15/external-content.duckduckgo.com.jpeg"}}, {"model": "post.post", "pk": "2262ef73-e99c-4d89-9716-89b6be811481", "fields": {"caption": "I've become PRESIDENT!", "posted": "2021-01-11T08:03:42.929Z", "user": 15, "likes": 0, "content": [10], "tags": [36, 37]}}, {"model": "post.post", "pk": "3ad61128-6798-4304-b44b-74485bd94ccf", "fields": {"caption": "Check my new profile picture!", "posted": "2021-01-11T07:57:13.696Z", "user": 14, "likes": 0, "content": [9], "tags": [34, 35]}}, {"model": "post.post", "pk": "7f31bda5-33b8-40d7-8535-964845b6b214", "fields": {"caption": "post with video", "posted": "2020-10-15T06:10:39.657Z", "user": 4, "likes": 0, "content": [5, 6], "tags": [28, 29]}}, {"model": "post.post", "pk": "7f7d35ff-4bc9-42b1-81df-0a9899d135fd", "fields": {"caption": "video alone", "posted": "2020-10-15T06:11:51.862Z", "user": 4, "likes": 0, "content": [7], "tags": [30]}}, {"model": "post.post", "pk": "c7d636aa-dc3b-476d-986f-4b24367ceb0a", "fields": {"caption": "multiple filess", "posted": "2020-10-15T05:52:24.860Z", "user": 4, "likes": 0, "content": [3, 4], "tags": [26, 27]}}, {"model": "post.post", "pk": "d091eaf0-47df-4a69-b3fb-fea4e7dc0a8c", "fields": {"caption": "Outdoor trip", "posted": "2021-01-11T07:39:27.081Z", "user": 13, "likes": 0, "content": [8], "tags": [31, 32, 33]}}, {"model": "post.follow", "pk": 1, "fields": {"follower": 1, "following": 2}}, {"model": "post.follow", "pk": 2, "fields": {"follower": 3, "following": 1}}, {"model": "post.follow", "pk": 3, "fields": {"follower": 2, "following": 1}}, {"model": "post.follow", "pk": 4, "fields": {"follower": 1, "following": 3}}, {"model": "post.follow", "pk": 7, "fields": {"follower": 2, "following": 3}}, {"model": "post.follow", "pk": 10, "fields": {"follower": 2, "following": 4}}, {"model": "post.follow", "pk": 11, "fields": {"follower": 5, "following": 4}}, {"model": "post.follow", "pk": 12, "fields": {"follower": 5, "following": 1}}, {"model": "post.follow", "pk": 13, "fields": {"follower": 5, "following": 2}}, {"model": "post.follow", "pk": 15, "fields": {"follower": 1, "following": 5}}, {"model": "post.follow", "pk": 16, "fields": {"follower": 6, "following": 4}}, {"model": "post.follow", "pk": 17, "fields": {"follower": 5, "following": 9}}, {"model": "post.follow", "pk": 18, "fields": {"follower": 2, "following": 5}}, {"model": "post.follow", "pk": 19, "fields": {"follower": 1, "following": 4}}, {"model": "post.follow", "pk": 20, "fields": {"follower": 14, "following": 13}}, {"model": "post.stream", "pk": 99, "fields": {"following": 4, "user": 2, "post": "c7d636aa-dc3b-476d-986f-4b24367ceb0a", "date": "2020-10-15T05:52:24.860Z"}}, {"model": "post.stream", "pk": 100, "fields": {"following": 4, "user": 5, "post": "c7d636aa-dc3b-476d-986f-4b24367ceb0a", "date": "2020-10-15T05:52:24.860Z"}}, {"model": "post.stream", "pk": 101, "fields": {"following": 4, "user": 6, "post": "c7d636aa-dc3b-476d-986f-4b24367ceb0a", "date": "2020-10-15T05:52:24.860Z"}}, {"model": "post.stream", "pk": 102, "fields": {"following": 4, "user": 2, "post": "c7d636aa-dc3b-476d-986f-4b24367ceb0a", "date": "2020-10-15T05:52:24.860Z"}}, {"model": "post.stream", "pk": 103, "fields": {"following": 4, "user": 5, "post": "c7d636aa-dc3b-476d-986f-4b24367ceb0a", "date": "2020-10-15T05:52:24.860Z"}}, {"model": "post.stream", "pk": 104, "fields": {"following": 4, "user": 6, "post": "c7d636aa-dc3b-476d-986f-4b24367ceb0a", "date": "2020-10-15T05:52:24.860Z"}}, {"model": "post.stream", "pk": 105, "fields": {"following": 4, "user": 1, "post": "c7d636aa-dc3b-476d-986f-4b24367ceb0a", "date": "2020-10-15T05:52:24.860Z"}}, {"model": "post.stream", "pk": 106, "fields": {"following": 4, "user": 2, "post": "7f31bda5-33b8-40d7-8535-964845b6b214", "date": "2020-10-15T06:10:39.657Z"}}, {"model": "post.stream", "pk": 107, "fields": {"following": 4, "user": 5, "post": "7f31bda5-33b8-40d7-8535-964845b6b214", "date": "2020-10-15T06:10:39.657Z"}}, {"model": "post.stream", "pk": 108, "fields": {"following": 4, "user": 6, "post": "7f31bda5-33b8-40d7-8535-964845b6b214", "date": "2020-10-15T06:10:39.657Z"}}, {"model": "post.stream", "pk": 109, "fields": {"following": 4, "user": 1, "post": "7f31bda5-33b8-40d7-8535-964845b6b214", "date": "2020-10-15T06:10:39.657Z"}}, {"model": "post.stream", "pk": 110, "fields": {"following": 4, "user": 2, "post": "7f31bda5-33b8-40d7-8535-964845b6b214", "date": "2020-10-15T06:10:39.657Z"}}, {"model": "post.stream", "pk": 111, "fields": {"following": 4, "user": 5, "post": "7f31bda5-33b8-40d7-8535-964845b6b214", "date": "2020-10-15T06:10:39.657Z"}}, {"model": "post.stream", "pk": 112, "fields": {"following": 4, "user": 6, "post": "7f31bda5-33b8-40d7-8535-964845b6b214", "date": "2020-10-15T06:10:39.657Z"}}, {"model": "post.stream", "pk": 113, "fields": {"following": 4, "user": 1, "post": "7f31bda5-33b8-40d7-8535-964845b6b214", "date": "2020-10-15T06:10:39.657Z"}}, {"model": "post.stream", "pk": 114, "fields": {"following": 4, "user": 2, "post": "7f7d35ff-4bc9-42b1-81df-0a9899d135fd", "date": "2020-10-15T06:11:51.862Z"}}, {"model": "post.stream", "pk": 115, "fields": {"following": 4, "user": 5, "post": "7f7d35ff-4bc9-42b1-81df-0a9899d135fd", "date": "2020-10-15T06:11:51.862Z"}}, {"model": "post.stream", "pk": 116, "fields": {"following": 4, "user": 6, "post": "7f7d35ff-4bc9-42b1-81df-0a9899d135fd", "date": "2020-10-15T06:11:51.862Z"}}, {"model": "post.stream", "pk": 117, "fields": {"following": 4, "user": 1, "post": "7f7d35ff-4bc9-42b1-81df-0a9899d135fd", "date": "2020-10-15T06:11:51.862Z"}}, {"model": "post.stream", "pk": 118, "fields": {"following": 4, "user": 2, "post": "7f7d35ff-4bc9-42b1-81df-0a9899d135fd", "date": "2020-10-15T06:11:51.862Z"}}, {"model": "post.stream", "pk": 119, "fields": {"following": 4, "user": 5, "post": "7f7d35ff-4bc9-42b1-81df-0a9899d135fd", "date": "2020-10-15T06:11:51.862Z"}}, {"model": "post.stream", "pk": 120, "fields": {"following": 4, "user": 6, "post": "7f7d35ff-4bc9-42b1-81df-0a9899d135fd", "date": "2020-10-15T06:11:51.862Z"}}, {"model": "post.stream", "pk": 121, "fields": {"following": 4, "user": 1, "post": "7f7d35ff-4bc9-42b1-81df-0a9899d135fd", "date": "2020-10-15T06:11:51.862Z"}}, {"model": "post.stream", "pk": 122, "fields": {"following": 13, "user": 14, "post": "d091eaf0-47df-4a69-b3fb-fea4e7dc0a8c", "date": "2021-01-11T07:39:27.081Z"}}, {"model": "comment.comment", "pk": 13, "fields": {"post": "d091eaf0-47df-4a69-b3fb-fea4e7dc0a8c", "user": 13, "body": "It was magnificent trip!", "date": "2021-01-11T07:39:56.968Z"}}, {"model": "direct.message", "pk": 1, "fields": {"user": 2, "sender": 2, "recipient": 4, "body": "Helloo", "date": "2020-07-25T17:28:20.354Z", "is_read": true}}, {"model": "direct.message", "pk": 2, "fields": {"user": 1, "sender": 1, "recipient": 2, "body": "hellooo", "date": "2020-07-25T17:28:42.407Z", "is_read": true}}, {"model": "direct.message", "pk": 5, "fields": {"user": 4, "sender": 4, "recipient": 2, "body": "um", "date": "2020-07-28T21:05:36.986Z", "is_read": true}}, {"model": "direct.message", "pk": 6, "fields": {"user": 4, "sender": 4, "recipient": 2, "body": "ummmm 2", "date": "2020-07-28T21:08:13.360Z", "is_read": true}}, {"model": "direct.message", "pk": 7, "fields": {"user": 2, "sender": 2, "recipient": 4, "body": "wait what ?", "date": "2020-07-28T22:01:18.007Z", "is_read": true}}, {"model": "direct.message", "pk": 8, "fields": {"user": 4, "sender": 2, "recipient": 2, "body": "wait what ?", "date": "2020-07-28T22:01:18.013Z", "is_read": true}}, {"model": "direct.message", "pk": 9, "fields": {"user": 4, "sender": 4, "recipient": 2, "body": "ohhh", "date": "2020-07-28T22:04:35.362Z", "is_read": true}}, {"model": "direct.message", "pk": 10, "fields": {"user": 2, "sender": 4, "recipient": 4, "body": "ohhh", "date": "2020-07-28T22:04:35.368Z", "is_read": true}}, {"model": "direct.message", "pk": 11, "fields": {"user": 4, "sender": 4, "recipient": 2, "body": "otra prueba", "date": "2020-07-28T22:07:13.457Z", "is_read": true}}, {"model": "direct.message", "pk": 12, "fields": {"user": 2, "sender": 4, "recipient": 4, "body": "otra prueba", "date": "2020-07-28T22:07:13.464Z", "is_read": true}}, {"model": "direct.message", "pk": 13, "fields": {"user": 4, "sender": 4, "recipient": 2, "body": "ohhh", "date": "2020-07-28T22:34:27.434Z", "is_read": true}}, {"model": "direct.message", "pk": 14, "fields": {"user": 2, "sender": 4, "recipient": 4, "body": "ohhh", "date": "2020-07-28T22:34:27.441Z", "is_read": true}}, {"model": "direct.message", "pk": 15, "fields": {"user": 4, "sender": 4, "recipient": 2, "body": "ah bueno\r\n", "date": "2020-07-28T22:36:33.585Z", "is_read": true}}, {"model": "direct.message", "pk": 16, "fields": {"user": 2, "sender": 4, "recipient": 4, "body": "ah bueno\r\n", "date": "2020-07-28T22:36:33.593Z", "is_read": true}}, {"model": "direct.message", "pk": 17, "fields": {"user": 2, "sender": 2, "recipient": 4, "body": "funcionando ?", "date": "2020-07-28T22:37:15.943Z", "is_read": true}}, {"model": "direct.message", "pk": 18, "fields": {"user": 4, "sender": 2, "recipient": 2, "body": "funcionando ?", "date": "2020-07-28T22:37:15.949Z", "is_read": true}}, {"model": "direct.message", "pk": 19, "fields": {"user": 1, "sender": 1, "recipient": 4, "body": "", "date": "2020-07-28T22:37:57.697Z", "is_read": true}}, {"model": "direct.message", "pk": 20, "fields": {"user": 4, "sender": 1, "recipient": 1, "body": "", "date": "2020-07-28T22:37:57.703Z", "is_read": true}}, {"model": "direct.message", "pk": 21, "fields": {"user": 1, "sender": 1, "recipient": 4, "body": "hello", "date": "2020-07-28T22:38:03.384Z", "is_read": true}}, {"model": "direct.message", "pk": 22, "fields": {"user": 4, "sender": 1, "recipient": 1, "body": "hello", "date": "2020-07-28T22:38:03.390Z", "is_read": true}}, {"model": "direct.message", "pk": 23, "fields": {"user": 2, "sender": 2, "recipient": 1, "body": "", "date": "2020-07-28T22:44:08.955Z", "is_read": true}}, {"model": "direct.message", "pk": 24, "fields": {"user": 1, "sender": 2, "recipient": 2, "body": "", "date": "2020-07-28T22:44:08.961Z", "is_read": true}}, {"model": "direct.message", "pk": 25, "fields": {"user": 2, "sender": 2, "recipient": 1, "body": "Hello", "date": "2020-07-28T22:44:17.195Z", "is_read": true}}, {"model": "direct.message", "pk": 26, "fields": {"user": 1, "sender": 2, "recipient": 2, "body": "Hello", "date": "2020-07-28T22:44:17.199Z", "is_read": true}}, {"model": "direct.message", "pk": 27, "fields": {"user": 1, "sender": 1, "recipient": 2, "body": "oh... apparently it's working", "date": "2020-07-28T22:44:42.873Z", "is_read": true}}, {"model": "direct.message", "pk": 28, "fields": {"user": 2, "sender": 1, "recipient": 1, "body": "oh... apparently it's working", "date": "2020-07-28T22:44:42.878Z", "is_read": true}}, {"model": "direct.message", "pk": 29, "fields": {"user": 1, "sender": 1, "recipient": 4, "body": "whats up man", "date": "2020-07-28T22:44:50.889Z", "is_read": true}}, {"model": "direct.message", "pk": 30, "fields": {"user": 4, "sender": 1, "recipient": 1, "body": "whats up man", "date": "2020-07-28T22:44:50.893Z", "is_read": true}}, {"model": "direct.message", "pk": 31, "fields": {"user": 2, "sender": 2, "recipient": 4, "body": "send me something bitch", "date": "2020-07-28T22:58:56.726Z", "is_read": true}}, {"model": "direct.message", "pk": 32, "fields": {"user": 4, "sender": 2, "recipient": 2, "body": "send me something bitch", "date": "2020-07-28T22:58:56.731Z", "is_read": true}}, {"model": "direct.message", "pk": 33, "fields": {"user": 4, "sender": 4, "recipient": 2, "body": "hello", "date": "2020-07-31T15:08:07.230Z", "is_read": true}}, {"model": "direct.message", "pk": 34, "fields": {"user": 2, "sender": 4, "recipient": 4, "body": "hello", "date": "2020-07-31T15:08:07.237Z", "is_read": true}}, {"model": "direct.message", "pk": 35, "fields": {"user": 1, "sender": 1, "recipient": 2, "body": "helloo", "date": "2020-07-31T15:08:35.260Z", "is_read": true}}, {"model": "direct.message", "pk": 36, "fields": {"user": 2, "sender": 1, "recipient": 1, "body": "helloo", "date": "2020-07-31T15:08:35.267Z", "is_read": true}}, {"model": "direct.message", "pk": 37, "fields": {"user": 4, "sender": 4, "recipient": 2, "body": "hello ?", "date": "2020-07-31T15:45:14.529Z", "is_read": true}}, {"model": "direct.message", "pk": 38, "fields": {"user": 2, "sender": 4, "recipient": 4, "body": "hello ?", "date": "2020-07-31T15:45:14.534Z", "is_read": true}}, {"model": "direct.message", "pk": 39, "fields": {"user": 1, "sender": 1, "recipient": 2, "body": "hi hi ", "date": "2020-07-31T15:45:55.139Z", "is_read": true}}, {"model": "direct.message", "pk": 40, "fields": {"user": 2, "sender": 1, "recipient": 1, "body": "hi hi ", "date": "2020-07-31T15:45:55.146Z", "is_read": false}}, {"model": "direct.message", "pk": 41, "fields": {"user": 1, "sender": 1, "recipient": 2, "body": "again again", "date": "2020-07-31T15:46:05.125Z", "is_read": true}}, {"model": "direct.message", "pk": 42, "fields": {"user": 2, "sender": 1, "recipient": 1, "body": "again again", "date": "2020-07-31T15:46:05.132Z", "is_read": false}}, {"model": "direct.message", "pk": 43, "fields": {"user": 4, "sender": 4, "recipient": 2, "body": "prueba prueba", "date": "2020-07-31T15:46:24.780Z", "is_read": true}}, {"model": "direct.message", "pk": 44, "fields": {"user": 2, "sender": 4, "recipient": 4, "body": "prueba prueba", "date": "2020-07-31T15:46:24.785Z", "is_read": true}}, {"model": "direct.message", "pk": 45, "fields": {"user": 4, "sender": 4, "recipient": 1, "body": "what up", "date": "2020-08-11T05:12:08.091Z", "is_read": true}}, {"model": "direct.message", "pk": 46, "fields": {"user": 1, "sender": 4, "recipient": 4, "body": "what up", "date": "2020-08-11T05:12:08.097Z", "is_read": false}}, {"model": "direct.message", "pk": 47, "fields": {"user": 7, "sender": 7, "recipient": 2, "body": "", "date": "2020-08-14T15:45:26.967Z", "is_read": true}}, {"model": "direct.message", "pk": 48, "fields": {"user": 2, "sender": 7, "recipient": 7, "body": "", "date": "2020-08-14T15:45:26.974Z", "is_read": true}}, {"model": "direct.message", "pk": 49, "fields": {"user": 2, "sender": 2, "recipient": 7, "body": "Hello ?", "date": "2020-08-14T16:07:49.552Z", "is_read": true}}, {"model": "direct.message", "pk": 50, "fields": {"user": 7, "sender": 2, "recipient": 2, "body": "Hello ?", "date": "2020-08-14T16:07:49.559Z", "is_read": true}}, {"model": "direct.message", "pk": 51, "fields": {"user": 7, "sender": 7, "recipient": 2, "body": "Sorry for the inconvenience..", "date": "2020-08-14T16:08:18.801Z", "is_read": true}}, {"model": "direct.message", "pk": 52, "fields": {"user": 2, "sender": 7, "recipient": 7, "body": "Sorry for the inconvenience..", "date": "2020-08-14T16:08:18.805Z", "is_read": true}}, {"model": "direct.message", "pk": 53, "fields": {"user": 2, "sender": 2, "recipient": 5, "body": "", "date": "2020-08-17T23:40:00.621Z", "is_read": true}}, {"model": "direct.message", "pk": 54, "fields": {"user": 5, "sender": 2, "recipient": 2, "body": "", "date": "2020-08-17T23:40:00.627Z", "is_read": true}}, {"model": "direct.message", "pk": 55, "fields": {"user": 2, "sender": 2, "recipient": 5, "body": "Hello", "date": "2020-08-17T23:40:06.337Z", "is_read": true}}, {"model": "direct.message", "pk": 56, "fields": {"user": 5, "sender": 2, "recipient": 2, "body": "Hello", "date": "2020-08-17T23:40:06.341Z", "is_read": true}}, {"model": "direct.message", "pk": 57, "fields": {"user": 4, "sender": 4, "recipient": 5, "body": "", "date": "2020-08-17T23:44:32.426Z", "is_read": true}}, {"model": "direct.message", "pk": 58, "fields": {"user": 5, "sender": 4, "recipient": 4, "body": "", "date": "2020-08-17T23:44:32.432Z", "is_read": true}}, {"model": "direct.message", "pk": 59, "fields": {"user": 4, "sender": 4, "recipient": 5, "body": "whats up!", "date": "2020-08-17T23:44:38.226Z", "is_read": true}}, {"model": "direct.message", "pk": 60, "fields": {"user": 5, "sender": 4, "recipient": 4, "body": "whats up!", "date": "2020-08-17T23:44:38.232Z", "is_read": true}}, {"model": "direct.message", "pk": 61, "fields": {"user": 5, "sender": 5, "recipient": 4, "body": "what up", "date": "2020-08-17T23:44:57.834Z", "is_read": true}}, {"model": "direct.message", "pk": 62, "fields": {"user": 4, "sender": 5, "recipient": 5, "body": "what up", "date": "2020-08-17T23:44:57.839Z", "is_read": false}}, {"model": "notifications.notification", "pk": 1, "fields": {"post": null, "sender": 1, "user": 5, "notification_type": 3, "text_preview": "", "date": "2020-08-10T02:03:20.200Z", "is_seen": true}}, {"model": "notifications.notification", "pk": 10, "fields": {"post": null, "sender": 5, "user": 9, "notification_type": 3, "text_preview": "", "date": "2020-08-17T23:31:29.355Z", "is_seen": false}}, {"model": "notifications.notification", "pk": 11, "fields": {"post": null, "sender": 2, "user": 5, "notification_type": 3, "text_preview": "", "date": "2020-08-17T23:32:02.631Z", "is_seen": true}}, {"model": "notifications.notification", "pk": 17, "fields": {"post": null, "sender": 1, "user": 4, "notification_type": 3, "text_preview": "", "date": "2020-10-15T05:53:30.936Z", "is_seen": false}}, {"model": "notifications.notification", "pk": 18, "fields": {"post": "d091eaf0-47df-4a69-b3fb-fea4e7dc0a8c", "sender": 13, "user": 13, "notification_type": 2, "text_preview": "It was magnificent trip!", "date": "2021-01-11T07:39:56.980Z", "is_seen": true}}, {"model": "notifications.notification", "pk": 19, "fields": {"post": null, "sender": 14, "user": 13, "notification_type": 3, "text_preview": "", "date": "2021-01-11T07:58:03.664Z", "is_seen": false}}, {"model": "stories.story", "pk": 4, "fields": {"user": 4, "content": "user_4/rauh-welt-begriff-porsche-911-on-forgestar-wheels.jpg", "caption": "rwb", "expired": false, "posted": "2020-10-24T07:34:17.797Z"}}, {"model": "stories.storystream", "pk": 1, "fields": {"following": 4, "user": 2, "date": "2020-10-15T23:05:35.780Z", "story": [4]}}, {"model": "stories.storystream", "pk": 2, "fields": {"following": 4, "user": 5, "date": "2020-10-15T23:05:35.797Z", "story": [4]}}, {"model": "stories.storystream", "pk": 3, "fields": {"following": 4, "user": 6, "date": "2020-10-15T23:05:35.819Z", "story": [4]}}, {"model": "stories.storystream", "pk": 4, "fields": {"following": 4, "user": 1, "date": "2020-10-15T23:05:35.836Z", "story": [4]}}, {"model": "admin.logentry", "pk": 1, "fields": {"action_time": "2020-06-26T17:02:57.314Z", "user": 1, "content_type": 9, "object_id": "1", "object_repr": "mountain", "action_flag": 1, "change_message": "[{\"added\": {}}]"}}, {"model": "admin.logentry", "pk": 2, "fields": {"action_time": "2020-06-26T17:03:31.677Z", "user": 1, "content_type": 8, "object_id": "d4bb5a71-0c92-446a-ba38-3df680f9b2cf", "object_repr": "Post object (d4bb5a71-0c92-446a-ba38-3df680f9b2cf)", "action_flag": 1, "change_message": "[{\"added\": {}}]"}}, {"model": "admin.logentry", "pk": 3, "fields": {"action_time": "2020-06-26T17:08:59.554Z", "user": 1, "content_type": 4, "object_id": "2", "object_repr": "laracode", "action_flag": 1, "change_message": "[{\"added\": {}}]"}}, {"model": "admin.logentry", "pk": 4, "fields": {"action_time": "2020-06-26T17:09:20.427Z", "user": 1, "content_type": 4, "object_id": "2", "object_repr": "laracode", "action_flag": 2, "change_message": "[{\"changed\": {\"fields\": [\"Email address\"]}}]"}}, {"model": "admin.logentry", "pk": 5, "fields": {"action_time": "2020-06-26T18:17:28.774Z", "user": 1, "content_type": 10, "object_id": "1", "object_repr": "Follow object (1)", "action_flag": 1, "change_message": "[{\"added\": {}}]"}}, {"model": "admin.logentry", "pk": 6, "fields": {"action_time": "2020-06-26T18:19:08.138Z", "user": 1, "content_type": 4, "object_id": "2", "object_repr": "laracode", "action_flag": 2, "change_message": "[{\"changed\": {\"fields\": [\"Staff status\", \"Superuser status\"]}}]"}}, {"model": "admin.logentry", "pk": 7, "fields": {"action_time": "2020-06-26T18:23:46.903Z", "user": 1, "content_type": 8, "object_id": "ae7f020d-0e74-4ad9-a30e-e3427748de7e", "object_repr": "Post object (ae7f020d-0e74-4ad9-a30e-e3427748de7e)", "action_flag": 1, "change_message": "[{\"added\": {}}]"}}, {"model": "admin.logentry", "pk": 8, "fields": {"action_time": "2020-06-26T18:25:06.278Z", "user": 1, "content_type": 4, "object_id": "3", "object_repr": "elonmusk", "action_flag": 1, "change_message": "[{\"added\": {}}]"}}, {"model": "admin.logentry", "pk": 9, "fields": {"action_time": "2020-06-26T18:25:19.048Z", "user": 1, "content_type": 4, "object_id": "3", "object_repr": "elonmusk", "action_flag": 2, "change_message": "[{\"changed\": {\"fields\": [\"Email address\"]}}]"}}, {"model": "admin.logentry", "pk": 10, "fields": {"action_time": "2020-06-26T18:30:35.518Z", "user": 1, "content_type": 10, "object_id": "2", "object_repr": "Follow object (2)", "action_flag": 1, "change_message": "[{\"added\": {}}]"}}, {"model": "admin.logentry", "pk": 11, "fields": {"action_time": "2020-06-26T18:31:58.111Z", "user": 1, "content_type": 10, "object_id": "3", "object_repr": "Follow object (3)", "action_flag": 1, "change_message": "[{\"added\": {}}]"}}, {"model": "admin.logentry", "pk": 12, "fields": {"action_time": "2020-06-26T18:33:07.046Z", "user": 1, "content_type": 8, "object_id": "171acf1b-5d68-4248-a21c-3442af480095", "object_repr": "Post object (171acf1b-5d68-4248-a21c-3442af480095)", "action_flag": 1, "change_message": "[{\"added\": {}}]"}}, {"model": "admin.logentry", "pk": 13, "fields": {"action_time": "2020-06-26T18:47:44.435Z", "user": 1, "content_type": 8, "object_id": "7aa6f517-6012-4a8c-af1f-eaddb167c83d", "object_repr": "Post object (7aa6f517-6012-4a8c-af1f-eaddb167c83d)", "action_flag": 1, "change_message": "[{\"added\": {}}]"}}, {"model": "admin.logentry", "pk": 14, "fields": {"action_time": "2020-06-26T20:09:50.609Z", "user": 1, "content_type": 9, "object_id": "2", "object_repr": "dark souls", "action_flag": 1, "change_message": "[{\"added\": {}}]"}}, {"model": "admin.logentry", "pk": 15, "fields": {"action_time": "2020-06-26T20:10:19.162Z", "user": 1, "content_type": 10, "object_id": "4", "object_repr": "Follow object (4)", "action_flag": 1, "change_message": "[{\"added\": {}}]"}}, {"model": "admin.logentry", "pk": 16, "fields": {"action_time": "2020-06-26T20:10:59.500Z", "user": 1, "content_type": 8, "object_id": "84de62b2-227c-48c9-a47b-2f299b83679d", "object_repr": "Post object (84de62b2-227c-48c9-a47b-2f299b83679d)", "action_flag": 1, "change_message": "[{\"added\": {}}]"}}, {"model": "admin.logentry", "pk": 17, "fields": {"action_time": "2020-06-26T20:14:12.557Z", "user": 1, "content_type": 4, "object_id": "3", "object_repr": "elonmusk", "action_flag": 2, "change_message": "[{\"changed\": {\"fields\": [\"First name\", \"Last name\"]}}]"}}, {"model": "admin.logentry", "pk": 18, "fields": {"action_time": "2020-06-26T20:14:20.613Z", "user": 1, "content_type": 4, "object_id": "2", "object_repr": "laracode", "action_flag": 2, "change_message": "[{\"changed\": {\"fields\": [\"First name\", \"Last name\"]}}]"}}, {"model": "admin.logentry", "pk": 19, "fields": {"action_time": "2020-06-26T20:21:16.290Z", "user": 1, "content_type": 4, "object_id": "1", "object_repr": "byronlara", "action_flag": 2, "change_message": "[{\"changed\": {\"fields\": [\"First name\", \"Last name\"]}}]"}}, {"model": "admin.logentry", "pk": 20, "fields": {"action_time": "2020-07-05T01:47:18.669Z", "user": 1, "content_type": 9, "object_id": "11", "object_repr": "tesla,earth,world", "action_flag": 3, "change_message": ""}}, {"model": "admin.logentry", "pk": 21, "fields": {"action_time": "2020-07-17T15:58:49.198Z", "user": 2, "content_type": 10, "object_id": "5", "object_repr": "Follow object (5)", "action_flag": 3, "change_message": ""}}, {"model": "admin.logentry", "pk": 22, "fields": {"action_time": "2020-07-17T21:43:38.823Z", "user": 2, "content_type": 11, "object_id": "126", "object_repr": "Stream object (126)", "action_flag": 3, "change_message": ""}}, {"model": "admin.logentry", "pk": 23, "fields": {"action_time": "2020-07-17T21:43:38.829Z", "user": 2, "content_type": 11, "object_id": "123", "object_repr": "Stream object (123)", "action_flag": 3, "change_message": ""}}, {"model": "admin.logentry", "pk": 24, "fields": {"action_time": "2020-07-17T21:43:38.833Z", "user": 2, "content_type": 11, "object_id": "122", "object_repr": "Stream object (122)", "action_flag": 3, "change_message": ""}}, {"model": "admin.logentry", "pk": 25, "fields": {"action_time": "2020-07-17T21:43:38.836Z", "user": 2, "content_type": 11, "object_id": "121", "object_repr": "Stream object (121)", "action_flag": 3, "change_message": ""}}, {"model": "admin.logentry", "pk": 26, "fields": {"action_time": "2020-07-17T21:43:38.840Z", "user": 2, "content_type": 11, "object_id": "120", "object_repr": "Stream object (120)", "action_flag": 3, "change_message": ""}}, {"model": "admin.logentry", "pk": 27, "fields": {"action_time": "2020-07-17T21:43:38.845Z", "user": 2, "content_type": 11, "object_id": "119", "object_repr": "Stream object (119)", "action_flag": 3, "change_message": ""}}, {"model": "admin.logentry", "pk": 28, "fields": {"action_time": "2020-07-17T21:43:38.849Z", "user": 2, "content_type": 11, "object_id": "118", "object_repr": "Stream object (118)", "action_flag": 3, "change_message": ""}}, {"model": "admin.logentry", "pk": 29, "fields": {"action_time": "2020-07-17T21:43:38.853Z", "user": 2, "content_type": 11, "object_id": "117", "object_repr": "Stream object (117)", "action_flag": 3, "change_message": ""}}, {"model": "admin.logentry", "pk": 30, "fields": {"action_time": "2020-07-17T21:43:38.857Z", "user": 2, "content_type": 11, "object_id": "116", "object_repr": "Stream object (116)", "action_flag": 3, "change_message": ""}}, {"model": "admin.logentry", "pk": 31, "fields": {"action_time": "2020-07-17T21:43:38.861Z", "user": 2, "content_type": 11, "object_id": "115", "object_repr": "Stream object (115)", "action_flag": 3, "change_message": ""}}, {"model": "admin.logentry", "pk": 32, "fields": {"action_time": "2020-07-17T21:43:38.865Z", "user": 2, "content_type": 11, "object_id": "114", "object_repr": "Stream object (114)", "action_flag": 3, "change_message": ""}}, {"model": "admin.logentry", "pk": 33, "fields": {"action_time": "2020-07-17T21:43:38.870Z", "user": 2, "content_type": 11, "object_id": "113", "object_repr": "Stream object (113)", "action_flag": 3, "change_message": ""}}, {"model": "admin.logentry", "pk": 34, "fields": {"action_time": "2020-07-17T21:43:38.874Z", "user": 2, "content_type": 11, "object_id": "112", "object_repr": "Stream object (112)", "action_flag": 3, "change_message": ""}}, {"model": "admin.logentry", "pk": 35, "fields": {"action_time": "2020-07-17T21:43:38.878Z", "user": 2, "content_type": 11, "object_id": "111", "object_repr": "Stream object (111)", "action_flag": 3, "change_message": ""}}, {"model": "admin.logentry", "pk": 36, "fields": {"action_time": "2020-07-17T21:43:38.882Z", "user": 2, "content_type": 11, "object_id": "110", "object_repr": "Stream object (110)", "action_flag": 3, "change_message": ""}}, {"model": "admin.logentry", "pk": 37, "fields": {"action_time": "2020-07-17T21:43:38.886Z", "user": 2, "content_type": 11, "object_id": "109", "object_repr": "Stream object (109)", "action_flag": 3, "change_message": ""}}, {"model": "admin.logentry", "pk": 38, "fields": {"action_time": "2020-07-17T21:43:38.890Z", "user": 2, "content_type": 11, "object_id": "108", "object_repr": "Stream object (108)", "action_flag": 3, "change_message": ""}}, {"model": "admin.logentry", "pk": 39, "fields": {"action_time": "2020-07-17T21:43:38.894Z", "user": 2, "content_type": 11, "object_id": "107", "object_repr": "Stream object (107)", "action_flag": 3, "change_message": ""}}, {"model": "admin.logentry", "pk": 40, "fields": {"action_time": "2020-07-17T21:43:38.899Z", "user": 2, "content_type": 11, "object_id": "106", "object_repr": "Stream object (106)", "action_flag": 3, "change_message": ""}}, {"model": "admin.logentry", "pk": 41, "fields": {"action_time": "2020-07-17T21:43:38.904Z", "user": 2, "content_type": 11, "object_id": "105", "object_repr": "Stream object (105)", "action_flag": 3, "change_message": ""}}, {"model": "admin.logentry", "pk": 42, "fields": {"action_time": "2020-07-17T21:43:38.908Z", "user": 2, "content_type": 11, "object_id": "104", "object_repr": "Stream object (104)", "action_flag": 3, "change_message": ""}}, {"model": "admin.logentry", "pk": 43, "fields": {"action_time": "2020-07-17T21:43:38.912Z", "user": 2, "content_type": 11, "object_id": "103", "object_repr": "Stream object (103)", "action_flag": 3, "change_message": ""}}, {"model": "admin.logentry", "pk": 44, "fields": {"action_time": "2020-07-17T21:43:38.916Z", "user": 2, "content_type": 11, "object_id": "102", "object_repr": "Stream object (102)", "action_flag": 3, "change_message": ""}}, {"model": "admin.logentry", "pk": 45, "fields": {"action_time": "2020-07-17T21:43:38.919Z", "user": 2, "content_type": 11, "object_id": "101", "object_repr": "Stream object (101)", "action_flag": 3, "change_message": ""}}, {"model": "admin.logentry", "pk": 46, "fields": {"action_time": "2020-07-17T21:43:38.924Z", "user": 2, "content_type": 11, "object_id": "100", "object_repr": "Stream object (100)", "action_flag": 3, "change_message": ""}}, {"model": "admin.logentry", "pk": 47, "fields": {"action_time": "2020-07-17T21:43:38.928Z", "user": 2, "content_type": 11, "object_id": "99", "object_repr": "Stream object (99)", "action_flag": 3, "change_message": ""}}, {"model": "admin.logentry", "pk": 48, "fields": {"action_time": "2020-07-17T21:43:38.932Z", "user": 2, "content_type": 11, "object_id": "98", "object_repr": "Stream object (98)", "action_flag": 3, "change_message": ""}}, {"model": "admin.logentry", "pk": 49, "fields": {"action_time": "2020-07-17T21:43:38.936Z", "user": 2, "content_type": 11, "object_id": "97", "object_repr": "Stream object (97)", "action_flag": 3, "change_message": ""}}, {"model": "admin.logentry", "pk": 50, "fields": {"action_time": "2020-07-17T21:43:38.940Z", "user": 2, "content_type": 11, "object_id": "96", "object_repr": "Stream object (96)", "action_flag": 3, "change_message": ""}}, {"model": "admin.logentry", "pk": 51, "fields": {"action_time": "2020-07-17T21:43:38.944Z", "user": 2, "content_type": 11, "object_id": "95", "object_repr": "Stream object (95)", "action_flag": 3, "change_message": ""}}, {"model": "admin.logentry", "pk": 52, "fields": {"action_time": "2020-07-17T21:43:38.948Z", "user": 2, "content_type": 11, "object_id": "94", "object_repr": "Stream object (94)", "action_flag": 3, "change_message": ""}}, {"model": "admin.logentry", "pk": 53, "fields": {"action_time": "2020-07-17T21:43:38.952Z", "user": 2, "content_type": 11, "object_id": "93", "object_repr": "Stream object (93)", "action_flag": 3, "change_message": ""}}, {"model": "admin.logentry", "pk": 54, "fields": {"action_time": "2020-07-17T21:43:38.956Z", "user": 2, "content_type": 11, "object_id": "92", "object_repr": "Stream object (92)", "action_flag": 3, "change_message": ""}}, {"model": "admin.logentry", "pk": 55, "fields": {"action_time": "2020-07-17T21:43:38.963Z", "user": 2, "content_type": 11, "object_id": "91", "object_repr": "Stream object (91)", "action_flag": 3, "change_message": ""}}, {"model": "admin.logentry", "pk": 56, "fields": {"action_time": "2020-07-17T21:43:38.968Z", "user": 2, "content_type": 11, "object_id": "90", "object_repr": "Stream object (90)", "action_flag": 3, "change_message": ""}}, {"model": "admin.logentry", "pk": 57, "fields": {"action_time": "2020-07-17T21:43:38.974Z", "user": 2, "content_type": 11, "object_id": "89", "object_repr": "Stream object (89)", "action_flag": 3, "change_message": ""}}, {"model": "admin.logentry", "pk": 58, "fields": {"action_time": "2020-07-17T21:43:38.981Z", "user": 2, "content_type": 11, "object_id": "88", "object_repr": "Stream object (88)", "action_flag": 3, "change_message": ""}}, {"model": "admin.logentry", "pk": 59, "fields": {"action_time": "2020-07-17T21:43:38.986Z", "user": 2, "content_type": 11, "object_id": "87", "object_repr": "Stream object (87)", "action_flag": 3, "change_message": ""}}, {"model": "admin.logentry", "pk": 60, "fields": {"action_time": "2020-07-17T21:43:38.991Z", "user": 2, "content_type": 11, "object_id": "86", "object_repr": "Stream object (86)", "action_flag": 3, "change_message": ""}}, {"model": "admin.logentry", "pk": 61, "fields": {"action_time": "2020-07-17T21:43:38.996Z", "user": 2, "content_type": 11, "object_id": "85", "object_repr": "Stream object (85)", "action_flag": 3, "change_message": ""}}, {"model": "admin.logentry", "pk": 62, "fields": {"action_time": "2020-07-17T21:43:39.001Z", "user": 2, "content_type": 11, "object_id": "84", "object_repr": "Stream object (84)", "action_flag": 3, "change_message": ""}}, {"model": "admin.logentry", "pk": 63, "fields": {"action_time": "2020-07-17T21:43:39.006Z", "user": 2, "content_type": 11, "object_id": "83", "object_repr": "Stream object (83)", "action_flag": 3, "change_message": ""}}, {"model": "admin.logentry", "pk": 64, "fields": {"action_time": "2020-07-17T21:43:39.012Z", "user": 2, "content_type": 11, "object_id": "82", "object_repr": "Stream object (82)", "action_flag": 3, "change_message": ""}}, {"model": "admin.logentry", "pk": 65, "fields": {"action_time": "2020-07-17T21:43:39.017Z", "user": 2, "content_type": 11, "object_id": "81", "object_repr": "Stream object (81)", "action_flag": 3, "change_message": ""}}, {"model": "admin.logentry", "pk": 66, "fields": {"action_time": "2020-07-17T21:43:39.022Z", "user": 2, "content_type": 11, "object_id": "80", "object_repr": "Stream object (80)", "action_flag": 3, "change_message": ""}}, {"model": "admin.logentry", "pk": 67, "fields": {"action_time": "2020-07-17T21:43:39.027Z", "user": 2, "content_type": 11, "object_id": "79", "object_repr": "Stream object (79)", "action_flag": 3, "change_message": ""}}, {"model": "admin.logentry", "pk": 68, "fields": {"action_time": "2020-07-17T21:43:39.033Z", "user": 2, "content_type": 11, "object_id": "78", "object_repr": "Stream object (78)", "action_flag": 3, "change_message": ""}}, {"model": "admin.logentry", "pk": 69, "fields": {"action_time": "2020-07-17T21:43:39.037Z", "user": 2, "content_type": 11, "object_id": "77", "object_repr": "Stream object (77)", "action_flag": 3, "change_message": ""}}, {"model": "admin.logentry", "pk": 70, "fields": {"action_time": "2020-07-17T21:43:39.043Z", "user": 2, "content_type": 11, "object_id": "76", "object_repr": "Stream object (76)", "action_flag": 3, "change_message": ""}}, {"model": "admin.logentry", "pk": 71, "fields": {"action_time": "2020-07-17T21:43:39.048Z", "user": 2, "content_type": 11, "object_id": "75", "object_repr": "Stream object (75)", "action_flag": 3, "change_message": ""}}, {"model": "admin.logentry", "pk": 72, "fields": {"action_time": "2020-07-17T21:43:39.054Z", "user": 2, "content_type": 11, "object_id": "74", "object_repr": "Stream object (74)", "action_flag": 3, "change_message": ""}}, {"model": "admin.logentry", "pk": 73, "fields": {"action_time": "2020-07-17T21:43:39.059Z", "user": 2, "content_type": 11, "object_id": "73", "object_repr": "Stream object (73)", "action_flag": 3, "change_message": ""}}, {"model": "admin.logentry", "pk": 74, "fields": {"action_time": "2020-07-17T21:43:39.064Z", "user": 2, "content_type": 11, "object_id": "72", "object_repr": "Stream object (72)", "action_flag": 3, "change_message": ""}}, {"model": "admin.logentry", "pk": 75, "fields": {"action_time": "2020-07-17T21:43:39.068Z", "user": 2, "content_type": 11, "object_id": "71", "object_repr": "Stream object (71)", "action_flag": 3, "change_message": ""}}, {"model": "admin.logentry", "pk": 76, "fields": {"action_time": "2020-07-17T21:43:39.074Z", "user": 2, "content_type": 11, "object_id": "70", "object_repr": "Stream object (70)", "action_flag": 3, "change_message": ""}}, {"model": "admin.logentry", "pk": 77, "fields": {"action_time": "2020-07-17T21:43:39.079Z", "user": 2, "content_type": 11, "object_id": "69", "object_repr": "Stream object (69)", "action_flag": 3, "change_message": ""}}, {"model": "admin.logentry", "pk": 78, "fields": {"action_time": "2020-07-17T21:43:39.084Z", "user": 2, "content_type": 11, "object_id": "68", "object_repr": "Stream object (68)", "action_flag": 3, "change_message": ""}}, {"model": "admin.logentry", "pk": 79, "fields": {"action_time": "2020-07-17T21:43:39.089Z", "user": 2, "content_type": 11, "object_id": "67", "object_repr": "Stream object (67)", "action_flag": 3, "change_message": ""}}, {"model": "admin.logentry", "pk": 80, "fields": {"action_time": "2020-07-17T21:43:39.094Z", "user": 2, "content_type": 11, "object_id": "66", "object_repr": "Stream object (66)", "action_flag": 3, "change_message": ""}}, {"model": "admin.logentry", "pk": 81, "fields": {"action_time": "2020-07-17T21:43:39.100Z", "user": 2, "content_type": 11, "object_id": "65", "object_repr": "Stream object (65)", "action_flag": 3, "change_message": ""}}, {"model": "admin.logentry", "pk": 82, "fields": {"action_time": "2020-07-17T21:43:39.107Z", "user": 2, "content_type": 11, "object_id": "64", "object_repr": "Stream object (64)", "action_flag": 3, "change_message": ""}}, {"model": "admin.logentry", "pk": 83, "fields": {"action_time": "2020-07-17T21:43:39.112Z", "user": 2, "content_type": 11, "object_id": "63", "object_repr": "Stream object (63)", "action_flag": 3, "change_message": ""}}, {"model": "admin.logentry", "pk": 84, "fields": {"action_time": "2020-07-17T21:43:39.117Z", "user": 2, "content_type": 11, "object_id": "62", "object_repr": "Stream object (62)", "action_flag": 3, "change_message": ""}}, {"model": "admin.logentry", "pk": 85, "fields": {"action_time": "2020-07-17T21:43:39.120Z", "user": 2, "content_type": 11, "object_id": "61", "object_repr": "Stream object (61)", "action_flag": 3, "change_message": ""}}, {"model": "admin.logentry", "pk": 86, "fields": {"action_time": "2020-07-17T21:43:39.124Z", "user": 2, "content_type": 11, "object_id": "60", "object_repr": "Stream object (60)", "action_flag": 3, "change_message": ""}}, {"model": "admin.logentry", "pk": 87, "fields": {"action_time": "2020-07-17T21:43:39.128Z", "user": 2, "content_type": 11, "object_id": "59", "object_repr": "Stream object (59)", "action_flag": 3, "change_message": ""}}, {"model": "admin.logentry", "pk": 88, "fields": {"action_time": "2020-07-17T21:43:39.133Z", "user": 2, "content_type": 11, "object_id": "58", "object_repr": "Stream object (58)", "action_flag": 3, "change_message": ""}}, {"model": "admin.logentry", "pk": 89, "fields": {"action_time": "2020-07-17T21:43:39.137Z", "user": 2, "content_type": 11, "object_id": "57", "object_repr": "Stream object (57)", "action_flag": 3, "change_message": ""}}, {"model": "admin.logentry", "pk": 90, "fields": {"action_time": "2020-07-17T21:43:39.141Z", "user": 2, "content_type": 11, "object_id": "56", "object_repr": "Stream object (56)", "action_flag": 3, "change_message": ""}}, {"model": "admin.logentry", "pk": 91, "fields": {"action_time": "2020-07-17T21:43:39.144Z", "user": 2, "content_type": 11, "object_id": "55", "object_repr": "Stream object (55)", "action_flag": 3, "change_message": ""}}, {"model": "admin.logentry", "pk": 92, "fields": {"action_time": "2020-07-17T21:43:39.149Z", "user": 2, "content_type": 11, "object_id": "54", "object_repr": "Stream object (54)", "action_flag": 3, "change_message": ""}}, {"model": "admin.logentry", "pk": 93, "fields": {"action_time": "2020-07-17T21:43:39.152Z", "user": 2, "content_type": 11, "object_id": "53", "object_repr": "Stream object (53)", "action_flag": 3, "change_message": ""}}, {"model": "admin.logentry", "pk": 94, "fields": {"action_time": "2020-07-17T21:43:39.157Z", "user": 2, "content_type": 11, "object_id": "52", "object_repr": "Stream object (52)", "action_flag": 3, "change_message": ""}}, {"model": "admin.logentry", "pk": 95, "fields": {"action_time": "2020-07-17T21:43:39.161Z", "user": 2, "content_type": 11, "object_id": "51", "object_repr": "Stream object (51)", "action_flag": 3, "change_message": ""}}, {"model": "admin.logentry", "pk": 96, "fields": {"action_time": "2020-07-17T21:43:39.164Z", "user": 2, "content_type": 11, "object_id": "50", "object_repr": "Stream object (50)", "action_flag": 3, "change_message": ""}}, {"model": "admin.logentry", "pk": 97, "fields": {"action_time": "2020-07-17T21:43:39.169Z", "user": 2, "content_type": 11, "object_id": "49", "object_repr": "Stream object (49)", "action_flag": 3, "change_message": ""}}, {"model": "admin.logentry", "pk": 98, "fields": {"action_time": "2020-07-17T21:43:39.173Z", "user": 2, "content_type": 11, "object_id": "48", "object_repr": "Stream object (48)", "action_flag": 3, "change_message": ""}}, {"model": "admin.logentry", "pk": 99, "fields": {"action_time": "2020-07-17T21:43:39.177Z", "user": 2, "content_type": 11, "object_id": "47", "object_repr": "Stream object (47)", "action_flag": 3, "change_message": ""}}, {"model": "admin.logentry", "pk": 100, "fields": {"action_time": "2020-07-17T21:43:39.181Z", "user": 2, "content_type": 11, "object_id": "46", "object_repr": "Stream object (46)", "action_flag": 3, "change_message": ""}}, {"model": "admin.logentry", "pk": 101, "fields": {"action_time": "2020-07-17T21:43:39.185Z", "user": 2, "content_type": 11, "object_id": "45", "object_repr": "Stream object (45)", "action_flag": 3, "change_message": ""}}, {"model": "admin.logentry", "pk": 102, "fields": {"action_time": "2020-07-17T21:43:39.189Z", "user": 2, "content_type": 11, "object_id": "44", "object_repr": "Stream object (44)", "action_flag": 3, "change_message": ""}}, {"model": "admin.logentry", "pk": 103, "fields": {"action_time": "2020-07-17T21:43:39.193Z", "user": 2, "content_type": 11, "object_id": "43", "object_repr": "Stream object (43)", "action_flag": 3, "change_message": ""}}, {"model": "admin.logentry", "pk": 104, "fields": {"action_time": "2020-07-17T21:43:39.197Z", "user": 2, "content_type": 11, "object_id": "42", "object_repr": "Stream object (42)", "action_flag": 3, "change_message": ""}}, {"model": "admin.logentry", "pk": 105, "fields": {"action_time": "2020-07-17T21:43:39.202Z", "user": 2, "content_type": 11, "object_id": "41", "object_repr": "Stream object (41)", "action_flag": 3, "change_message": ""}}, {"model": "admin.logentry", "pk": 106, "fields": {"action_time": "2020-07-17T21:43:39.208Z", "user": 2, "content_type": 11, "object_id": "40", "object_repr": "Stream object (40)", "action_flag": 3, "change_message": ""}}, {"model": "admin.logentry", "pk": 107, "fields": {"action_time": "2020-07-17T21:43:39.212Z", "user": 2, "content_type": 11, "object_id": "39", "object_repr": "Stream object (39)", "action_flag": 3, "change_message": ""}}, {"model": "admin.logentry", "pk": 108, "fields": {"action_time": "2020-07-17T21:43:39.216Z", "user": 2, "content_type": 11, "object_id": "38", "object_repr": "Stream object (38)", "action_flag": 3, "change_message": ""}}, {"model": "admin.logentry", "pk": 109, "fields": {"action_time": "2020-07-17T21:43:39.220Z", "user": 2, "content_type": 11, "object_id": "37", "object_repr": "Stream object (37)", "action_flag": 3, "change_message": ""}}, {"model": "admin.logentry", "pk": 110, "fields": {"action_time": "2020-07-17T21:43:39.224Z", "user": 2, "content_type": 11, "object_id": "36", "object_repr": "Stream object (36)", "action_flag": 3, "change_message": ""}}, {"model": "admin.logentry", "pk": 111, "fields": {"action_time": "2020-07-17T21:43:39.228Z", "user": 2, "content_type": 11, "object_id": "35", "object_repr": "Stream object (35)", "action_flag": 3, "change_message": ""}}, {"model": "admin.logentry", "pk": 112, "fields": {"action_time": "2020-07-17T21:43:39.234Z", "user": 2, "content_type": 11, "object_id": "34", "object_repr": "Stream object (34)", "action_flag": 3, "change_message": ""}}, {"model": "admin.logentry", "pk": 113, "fields": {"action_time": "2020-07-17T21:43:39.237Z", "user": 2, "content_type": 11, "object_id": "33", "object_repr": "Stream object (33)", "action_flag": 3, "change_message": ""}}, {"model": "admin.logentry", "pk": 114, "fields": {"action_time": "2020-07-17T21:43:39.241Z", "user": 2, "content_type": 11, "object_id": "32", "object_repr": "Stream object (32)", "action_flag": 3, "change_message": ""}}, {"model": "admin.logentry", "pk": 115, "fields": {"action_time": "2020-07-17T21:43:39.245Z", "user": 2, "content_type": 11, "object_id": "31", "object_repr": "Stream object (31)", "action_flag": 3, "change_message": ""}}, {"model": "admin.logentry", "pk": 116, "fields": {"action_time": "2020-07-17T21:43:39.250Z", "user": 2, "content_type": 11, "object_id": "30", "object_repr": "Stream object (30)", "action_flag": 3, "change_message": ""}}, {"model": "admin.logentry", "pk": 117, "fields": {"action_time": "2020-07-17T21:43:39.254Z", "user": 2, "content_type": 11, "object_id": "29", "object_repr": "Stream object (29)", "action_flag": 3, "change_message": ""}}, {"model": "admin.logentry", "pk": 118, "fields": {"action_time": "2020-07-17T21:43:39.259Z", "user": 2, "content_type": 11, "object_id": "28", "object_repr": "Stream object (28)", "action_flag": 3, "change_message": ""}}, {"model": "admin.logentry", "pk": 119, "fields": {"action_time": "2020-07-17T21:43:39.263Z", "user": 2, "content_type": 11, "object_id": "27", "object_repr": "Stream object (27)", "action_flag": 3, "change_message": ""}}, {"model": "admin.logentry", "pk": 120, "fields": {"action_time": "2020-07-17T21:43:39.268Z", "user": 2, "content_type": 11, "object_id": "26", "object_repr": "Stream object (26)", "action_flag": 3, "change_message": ""}}, {"model": "admin.logentry", "pk": 121, "fields": {"action_time": "2020-07-17T21:43:39.272Z", "user": 2, "content_type": 11, "object_id": "25", "object_repr": "Stream object (25)", "action_flag": 3, "change_message": ""}}, {"model": "admin.logentry", "pk": 122, "fields": {"action_time": "2020-07-17T21:43:39.276Z", "user": 2, "content_type": 11, "object_id": "24", "object_repr": "Stream object (24)", "action_flag": 3, "change_message": ""}}, {"model": "admin.logentry", "pk": 123, "fields": {"action_time": "2020-07-17T21:43:39.282Z", "user": 2, "content_type": 11, "object_id": "23", "object_repr": "Stream object (23)", "action_flag": 3, "change_message": ""}}, {"model": "admin.logentry", "pk": 124, "fields": {"action_time": "2020-07-17T21:43:39.286Z", "user": 2, "content_type": 11, "object_id": "22", "object_repr": "Stream object (22)", "action_flag": 3, "change_message": ""}}, {"model": "admin.logentry", "pk": 125, "fields": {"action_time": "2020-07-17T21:43:39.290Z", "user": 2, "content_type": 11, "object_id": "21", "object_repr": "Stream object (21)", "action_flag": 3, "change_message": ""}}, {"model": "admin.logentry", "pk": 126, "fields": {"action_time": "2020-07-17T21:43:39.294Z", "user": 2, "content_type": 11, "object_id": "20", "object_repr": "Stream object (20)", "action_flag": 3, "change_message": ""}}, {"model": "admin.logentry", "pk": 127, "fields": {"action_time": "2020-07-17T21:43:39.298Z", "user": 2, "content_type": 11, "object_id": "19", "object_repr": "Stream object (19)", "action_flag": 3, "change_message": ""}}, {"model": "admin.logentry", "pk": 128, "fields": {"action_time": "2020-07-17T21:43:39.303Z", "user": 2, "content_type": 11, "object_id": "18", "object_repr": "Stream object (18)", "action_flag": 3, "change_message": ""}}, {"model": "admin.logentry", "pk": 129, "fields": {"action_time": "2020-07-17T21:43:39.308Z", "user": 2, "content_type": 11, "object_id": "17", "object_repr": "Stream object (17)", "action_flag": 3, "change_message": ""}}, {"model": "admin.logentry", "pk": 130, "fields": {"action_time": "2020-07-17T21:43:39.312Z", "user": 2, "content_type": 11, "object_id": "16", "object_repr": "Stream object (16)", "action_flag": 3, "change_message": ""}}, {"model": "admin.logentry", "pk": 131, "fields": {"action_time": "2020-07-17T21:43:39.316Z", "user": 2, "content_type": 11, "object_id": "15", "object_repr": "Stream object (15)", "action_flag": 3, "change_message": ""}}, {"model": "admin.logentry", "pk": 132, "fields": {"action_time": "2020-07-17T21:43:39.320Z", "user": 2, "content_type": 11, "object_id": "14", "object_repr": "Stream object (14)", "action_flag": 3, "change_message": ""}}, {"model": "admin.logentry", "pk": 133, "fields": {"action_time": "2020-07-17T21:43:39.324Z", "user": 2, "content_type": 11, "object_id": "13", "object_repr": "Stream object (13)", "action_flag": 3, "change_message": ""}}, {"model": "admin.logentry", "pk": 134, "fields": {"action_time": "2020-07-17T21:43:39.328Z", "user": 2, "content_type": 11, "object_id": "12", "object_repr": "Stream object (12)", "action_flag": 3, "change_message": ""}}, {"model": "admin.logentry", "pk": 135, "fields": {"action_time": "2020-07-17T21:43:39.332Z", "user": 2, "content_type": 11, "object_id": "11", "object_repr": "Stream object (11)", "action_flag": 3, "change_message": ""}}, {"model": "admin.logentry", "pk": 136, "fields": {"action_time": "2020-07-17T21:43:39.336Z", "user": 2, "content_type": 11, "object_id": "10", "object_repr": "Stream object (10)", "action_flag": 3, "change_message": ""}}, {"model": "admin.logentry", "pk": 137, "fields": {"action_time": "2020-07-17T21:43:39.340Z", "user": 2, "content_type": 11, "object_id": "9", "object_repr": "Stream object (9)", "action_flag": 3, "change_message": ""}}, {"model": "admin.logentry", "pk": 138, "fields": {"action_time": "2020-07-17T21:43:39.344Z", "user": 2, "content_type": 11, "object_id": "8", "object_repr": "Stream object (8)", "action_flag": 3, "change_message": ""}}, {"model": "admin.logentry", "pk": 139, "fields": {"action_time": "2020-07-17T21:43:39.349Z", "user": 2, "content_type": 11, "object_id": "7", "object_repr": "Stream object (7)", "action_flag": 3, "change_message": ""}}, {"model": "admin.logentry", "pk": 140, "fields": {"action_time": "2020-07-17T21:43:39.353Z", "user": 2, "content_type": 11, "object_id": "6", "object_repr": "Stream object (6)", "action_flag": 3, "change_message": ""}}, {"model": "admin.logentry", "pk": 141, "fields": {"action_time": "2020-07-17T21:43:39.358Z", "user": 2, "content_type": 11, "object_id": "5", "object_repr": "Stream object (5)", "action_flag": 3, "change_message": ""}}, {"model": "admin.logentry", "pk": 142, "fields": {"action_time": "2020-07-17T21:43:39.362Z", "user": 2, "content_type": 11, "object_id": "4", "object_repr": "Stream object (4)", "action_flag": 3, "change_message": ""}}, {"model": "admin.logentry", "pk": 143, "fields": {"action_time": "2020-07-17T21:43:39.366Z", "user": 2, "content_type": 11, "object_id": "3", "object_repr": "Stream object (3)", "action_flag": 3, "change_message": ""}}, {"model": "admin.logentry", "pk": 144, "fields": {"action_time": "2020-07-17T21:43:39.370Z", "user": 2, "content_type": 11, "object_id": "2", "object_repr": "Stream object (2)", "action_flag": 3, "change_message": ""}}, {"model": "admin.logentry", "pk": 145, "fields": {"action_time": "2020-07-17T21:43:39.374Z", "user": 2, "content_type": 11, "object_id": "1", "object_repr": "Stream object (1)", "action_flag": 3, "change_message": ""}}, {"model": "admin.logentry", "pk": 146, "fields": {"action_time": "2020-07-25T05:46:00.546Z", "user": 1, "content_type": 4, "object_id": "4", "object_repr": "billgates", "action_flag": 2, "change_message": "[{\"changed\": {\"fields\": [\"First name\", \"Last name\"]}}]"}}, {"model": "admin.logentry", "pk": 147, "fields": {"action_time": "2020-07-25T17:28:20.355Z", "user": 1, "content_type": 14, "object_id": "1", "object_repr": "Message object (1)", "action_flag": 1, "change_message": "[{\"added\": {}}]"}}, {"model": "admin.logentry", "pk": 148, "fields": {"action_time": "2020-07-25T17:28:42.408Z", "user": 1, "content_type": 14, "object_id": "2", "object_repr": "Message object (2)", "action_flag": 1, "change_message": "[{\"added\": {}}]"}}, {"model": "admin.logentry", "pk": 149, "fields": {"action_time": "2020-07-28T18:22:08.418Z", "user": 2, "content_type": 14, "object_id": "2", "object_repr": "Message object (2)", "action_flag": 2, "change_message": "[{\"changed\": {\"fields\": [\"Is read\"]}}]"}}, {"model": "admin.logentry", "pk": 150, "fields": {"action_time": "2020-07-28T18:22:12.650Z", "user": 2, "content_type": 14, "object_id": "1", "object_repr": "Message object (1)", "action_flag": 2, "change_message": "[{\"changed\": {\"fields\": [\"Is read\"]}}]"}}, {"model": "admin.logentry", "pk": 151, "fields": {"action_time": "2020-07-28T21:04:44.522Z", "user": 2, "content_type": 14, "object_id": "4", "object_repr": "Message object (4)", "action_flag": 3, "change_message": ""}}, {"model": "admin.logentry", "pk": 152, "fields": {"action_time": "2020-07-28T21:04:44.527Z", "user": 2, "content_type": 14, "object_id": "3", "object_repr": "Message object (3)", "action_flag": 3, "change_message": ""}}, {"model": "admin.logentry", "pk": 153, "fields": {"action_time": "2020-07-28T21:05:07.616Z", "user": 2, "content_type": 14, "object_id": "1", "object_repr": "Message object (1)", "action_flag": 2, "change_message": "[]"}}, {"model": "admin.logentry", "pk": 154, "fields": {"action_time": "2020-07-28T21:05:36.987Z", "user": 2, "content_type": 14, "object_id": "5", "object_repr": "Message object (5)", "action_flag": 1, "change_message": "[{\"added\": {}}]"}}, {"model": "admin.logentry", "pk": 155, "fields": {"action_time": "2020-07-28T21:07:53.288Z", "user": 1, "content_type": 14, "object_id": "5", "object_repr": "Message object (5)", "action_flag": 2, "change_message": "[]"}}, {"model": "admin.logentry", "pk": 156, "fields": {"action_time": "2020-07-28T21:08:13.360Z", "user": 1, "content_type": 14, "object_id": "6", "object_repr": "Message object (6)", "action_flag": 1, "change_message": "[{\"added\": {}}]"}}, {"model": "admin.logentry", "pk": 157, "fields": {"action_time": "2020-07-28T21:09:39.220Z", "user": 2, "content_type": 14, "object_id": "5", "object_repr": "Message object (5)", "action_flag": 2, "change_message": "[{\"changed\": {\"fields\": [\"Sender\", \"Recipient\"]}}]"}}, {"model": "admin.logentry", "pk": 158, "fields": {"action_time": "2020-07-28T21:09:49.384Z", "user": 2, "content_type": 14, "object_id": "6", "object_repr": "Message object (6)", "action_flag": 2, "change_message": "[{\"changed\": {\"fields\": [\"Body\"]}}]"}}, {"model": "admin.logentry", "pk": 159, "fields": {"action_time": "2020-07-28T21:11:25.534Z", "user": 1, "content_type": 14, "object_id": "6", "object_repr": "Message object (6)", "action_flag": 2, "change_message": "[{\"changed\": {\"fields\": [\"User\"]}}]"}}, {"model": "admin.logentry", "pk": 160, "fields": {"action_time": "2020-07-28T21:11:37.997Z", "user": 1, "content_type": 14, "object_id": "5", "object_repr": "Message object (5)", "action_flag": 2, "change_message": "[{\"changed\": {\"fields\": [\"Sender\", \"Recipient\"]}}]"}}, {"model": "admin.logentry", "pk": 161, "fields": {"action_time": "2020-08-03T05:23:11.075Z", "user": 1, "content_type": 8, "object_id": "b5b0228f-0b9b-4a0d-8043-e61ab3645835", "object_repr": "b5b0228f-0b9b-4a0d-8043-e61ab3645835", "action_flag": 2, "change_message": "[{\"changed\": {\"fields\": [\"Likes\"]}}]"}}, {"model": "admin.logentry", "pk": 162, "fields": {"action_time": "2020-08-07T14:56:19.205Z", "user": 2, "content_type": 15, "object_id": "8", "object_repr": "Notification object (8)", "action_flag": 3, "change_message": ""}}, {"model": "admin.logentry", "pk": 163, "fields": {"action_time": "2020-08-07T14:56:19.212Z", "user": 2, "content_type": 15, "object_id": "7", "object_repr": "Notification object (7)", "action_flag": 3, "change_message": ""}}, {"model": "admin.logentry", "pk": 164, "fields": {"action_time": "2020-08-07T14:56:19.217Z", "user": 2, "content_type": 15, "object_id": "6", "object_repr": "Notification object (6)", "action_flag": 3, "change_message": ""}}, {"model": "admin.logentry", "pk": 165, "fields": {"action_time": "2020-08-07T14:56:19.223Z", "user": 2, "content_type": 15, "object_id": "5", "object_repr": "Notification object (5)", "action_flag": 3, "change_message": ""}}, {"model": "admin.logentry", "pk": 166, "fields": {"action_time": "2020-08-07T14:56:19.229Z", "user": 2, "content_type": 15, "object_id": "4", "object_repr": "Notification object (4)", "action_flag": 3, "change_message": ""}}, {"model": "admin.logentry", "pk": 167, "fields": {"action_time": "2020-08-07T14:56:19.235Z", "user": 2, "content_type": 15, "object_id": "3", "object_repr": "Notification object (3)", "action_flag": 3, "change_message": ""}}, {"model": "admin.logentry", "pk": 168, "fields": {"action_time": "2020-08-07T14:56:19.241Z", "user": 2, "content_type": 15, "object_id": "2", "object_repr": "Notification object (2)", "action_flag": 3, "change_message": ""}}, {"model": "admin.logentry", "pk": 169, "fields": {"action_time": "2020-08-07T14:56:19.247Z", "user": 2, "content_type": 15, "object_id": "1", "object_repr": "Notification object (1)", "action_flag": 3, "change_message": ""}}, {"model": "admin.logentry", "pk": 170, "fields": {"action_time": "2020-08-07T18:57:16.062Z", "user": 2, "content_type": 15, "object_id": "14", "object_repr": "Notification object (14)", "action_flag": 3, "change_message": ""}}, {"model": "admin.logentry", "pk": 171, "fields": {"action_time": "2020-08-07T18:57:16.067Z", "user": 2, "content_type": 15, "object_id": "13", "object_repr": "Notification object (13)", "action_flag": 3, "change_message": ""}}, {"model": "admin.logentry", "pk": 172, "fields": {"action_time": "2020-08-07T18:57:16.073Z", "user": 2, "content_type": 15, "object_id": "12", "object_repr": "Notification object (12)", "action_flag": 3, "change_message": ""}}, {"model": "admin.logentry", "pk": 173, "fields": {"action_time": "2020-08-07T18:57:16.077Z", "user": 2, "content_type": 15, "object_id": "11", "object_repr": "Notification object (11)", "action_flag": 3, "change_message": ""}}, {"model": "admin.logentry", "pk": 174, "fields": {"action_time": "2020-08-10T01:45:24.481Z", "user": 2, "content_type": 15, "object_id": "24", "object_repr": "Notification object (24)", "action_flag": 3, "change_message": ""}}, {"model": "admin.logentry", "pk": 175, "fields": {"action_time": "2020-08-10T01:45:24.487Z", "user": 2, "content_type": 15, "object_id": "23", "object_repr": "Notification object (23)", "action_flag": 3, "change_message": ""}}, {"model": "admin.logentry", "pk": 176, "fields": {"action_time": "2020-08-10T01:45:24.492Z", "user": 2, "content_type": 15, "object_id": "22", "object_repr": "Notification object (22)", "action_flag": 3, "change_message": ""}}, {"model": "admin.logentry", "pk": 177, "fields": {"action_time": "2020-08-10T01:45:24.500Z", "user": 2, "content_type": 15, "object_id": "21", "object_repr": "Notification object (21)", "action_flag": 3, "change_message": ""}}, {"model": "admin.logentry", "pk": 178, "fields": {"action_time": "2020-08-10T01:45:24.505Z", "user": 2, "content_type": 15, "object_id": "20", "object_repr": "Notification object (20)", "action_flag": 3, "change_message": ""}}, {"model": "admin.logentry", "pk": 179, "fields": {"action_time": "2020-08-10T01:45:24.510Z", "user": 2, "content_type": 15, "object_id": "19", "object_repr": "Notification object (19)", "action_flag": 3, "change_message": ""}}, {"model": "admin.logentry", "pk": 180, "fields": {"action_time": "2020-08-10T01:45:24.517Z", "user": 2, "content_type": 15, "object_id": "16", "object_repr": "Notification object (16)", "action_flag": 3, "change_message": ""}}, {"model": "admin.logentry", "pk": 181, "fields": {"action_time": "2020-08-10T01:45:24.523Z", "user": 2, "content_type": 15, "object_id": "15", "object_repr": "Notification object (15)", "action_flag": 3, "change_message": ""}}, {"model": "admin.logentry", "pk": 182, "fields": {"action_time": "2020-08-10T01:54:01.106Z", "user": 1, "content_type": 15, "object_id": "2", "object_repr": "Notification object (2)", "action_flag": 3, "change_message": ""}}, {"model": "admin.logentry", "pk": 183, "fields": {"action_time": "2020-08-10T01:54:01.112Z", "user": 1, "content_type": 15, "object_id": "1", "object_repr": "Notification object (1)", "action_flag": 3, "change_message": ""}}, {"model": "admin.logentry", "pk": 184, "fields": {"action_time": "2020-08-10T01:56:19.794Z", "user": 1, "content_type": 15, "object_id": "3", "object_repr": "Notification object (3)", "action_flag": 3, "change_message": ""}}, {"model": "admin.logentry", "pk": 185, "fields": {"action_time": "2020-08-17T23:25:05.528Z", "user": 1, "content_type": 4, "object_id": "8", "object_repr": "scarlettjohansson", "action_flag": 3, "change_message": ""}}, {"model": "admin.logentry", "pk": 186, "fields": {"action_time": "2020-10-15T05:40:14.976Z", "user": 2, "content_type": 8, "object_id": "ffd7e7c8-1483-4b1a-8939-e8748cd38cd9", "object_repr": "ffd7e7c8-1483-4b1a-8939-e8748cd38cd9", "action_flag": 3, "change_message": ""}}, {"model": "admin.logentry", "pk": 187, "fields": {"action_time": "2020-10-15T05:40:14.981Z", "user": 2, "content_type": 8, "object_id": "f8a363f2-c4e8-4968-b180-ec7ea5775b09", "object_repr": "f8a363f2-c4e8-4968-b180-ec7ea5775b09", "action_flag": 3, "change_message": ""}}, {"model": "admin.logentry", "pk": 188, "fields": {"action_time": "2020-10-15T05:40:14.985Z", "user": 2, "content_type": 8, "object_id": "f1e0a355-870c-482f-b82b-b0fcfdb33c5f", "object_repr": "f1e0a355-870c-482f-b82b-b0fcfdb33c5f", "action_flag": 3, "change_message": ""}}, {"model": "admin.logentry", "pk": 189, "fields": {"action_time": "2020-10-15T05:40:14.989Z", "user": 2, "content_type": 8, "object_id": "ee33254f-ba83-4a2e-9bfd-788a00b24ea3", "object_repr": "ee33254f-ba83-4a2e-9bfd-788a00b24ea3", "action_flag": 3, "change_message": ""}}, {"model": "admin.logentry", "pk": 190, "fields": {"action_time": "2020-10-15T05:40:14.993Z", "user": 2, "content_type": 8, "object_id": "e62c1051-dc90-4e19-9227-a0a7abaac9b9", "object_repr": "e62c1051-dc90-4e19-9227-a0a7abaac9b9", "action_flag": 3, "change_message": ""}}, {"model": "admin.logentry", "pk": 191, "fields": {"action_time": "2020-10-15T05:40:14.997Z", "user": 2, "content_type": 8, "object_id": "dd928d4a-4559-4980-93e4-f355d8eb3de3", "object_repr": "dd928d4a-4559-4980-93e4-f355d8eb3de3", "action_flag": 3, "change_message": ""}}, {"model": "admin.logentry", "pk": 192, "fields": {"action_time": "2020-10-15T05:40:15.001Z", "user": 2, "content_type": 8, "object_id": "d51d9366-66ba-4adb-b404-baec1ab96c2b", "object_repr": "d51d9366-66ba-4adb-b404-baec1ab96c2b", "action_flag": 3, "change_message": ""}}, {"model": "admin.logentry", "pk": 193, "fields": {"action_time": "2020-10-15T05:40:15.006Z", "user": 2, "content_type": 8, "object_id": "d4bb5a71-0c92-446a-ba38-3df680f9b2cf", "object_repr": "d4bb5a71-0c92-446a-ba38-3df680f9b2cf", "action_flag": 3, "change_message": ""}}, {"model": "admin.logentry", "pk": 194, "fields": {"action_time": "2020-10-15T05:40:15.011Z", "user": 2, "content_type": 8, "object_id": "d374d9bd-3ab7-41e6-840a-4aeaec6790b1", "object_repr": "d374d9bd-3ab7-41e6-840a-4aeaec6790b1", "action_flag": 3, "change_message": ""}}, {"model": "admin.logentry", "pk": 195, "fields": {"action_time": "2020-10-15T05:40:15.015Z", "user": 2, "content_type": 8, "object_id": "cff1ff92-e42a-46e6-82ce-89a4b558da53", "object_repr": "cff1ff92-e42a-46e6-82ce-89a4b558da53", "action_flag": 3, "change_message": ""}}, {"model": "admin.logentry", "pk": 196, "fields": {"action_time": "2020-10-15T05:40:15.019Z", "user": 2, "content_type": 8, "object_id": "c9004d01-0efc-4769-bea9-5997b06635ff", "object_repr": "c9004d01-0efc-4769-bea9-5997b06635ff", "action_flag": 3, "change_message": ""}}, {"model": "admin.logentry", "pk": 197, "fields": {"action_time": "2020-10-15T05:40:15.023Z", "user": 2, "content_type": 8, "object_id": "c4c3f41f-f1b5-4e22-bf10-5b1f2132071f", "object_repr": "c4c3f41f-f1b5-4e22-bf10-5b1f2132071f", "action_flag": 3, "change_message": ""}}, {"model": "admin.logentry", "pk": 198, "fields": {"action_time": "2020-10-15T05:40:15.028Z", "user": 2, "content_type": 8, "object_id": "c22a1916-1c99-484f-b967-22f8d569cc1e", "object_repr": "c22a1916-1c99-484f-b967-22f8d569cc1e", "action_flag": 3, "change_message": ""}}, {"model": "admin.logentry", "pk": 199, "fields": {"action_time": "2020-10-15T05:40:15.032Z", "user": 2, "content_type": 8, "object_id": "c0d2b3ea-3ff1-429c-817a-f282b141244f", "object_repr": "c0d2b3ea-3ff1-429c-817a-f282b141244f", "action_flag": 3, "change_message": ""}}, {"model": "admin.logentry", "pk": 200, "fields": {"action_time": "2020-10-15T05:40:15.036Z", "user": 2, "content_type": 8, "object_id": "c036ccf0-4179-4b8f-936f-067eb664553d", "object_repr": "c036ccf0-4179-4b8f-936f-067eb664553d", "action_flag": 3, "change_message": ""}}, {"model": "admin.logentry", "pk": 201, "fields": {"action_time": "2020-10-15T05:40:15.041Z", "user": 2, "content_type": 8, "object_id": "be8f2d38-d72a-490e-9ddd-f370458b78a8", "object_repr": "be8f2d38-d72a-490e-9ddd-f370458b78a8", "action_flag": 3, "change_message": ""}}, {"model": "admin.logentry", "pk": 202, "fields": {"action_time": "2020-10-15T05:40:15.045Z", "user": 2, "content_type": 8, "object_id": "bca4ca4f-df29-481f-97a7-5b05d4de3686", "object_repr": "bca4ca4f-df29-481f-97a7-5b05d4de3686", "action_flag": 3, "change_message": ""}}, {"model": "admin.logentry", "pk": 203, "fields": {"action_time": "2020-10-15T05:40:15.049Z", "user": 2, "content_type": 8, "object_id": "b5b0228f-0b9b-4a0d-8043-e61ab3645835", "object_repr": "b5b0228f-0b9b-4a0d-8043-e61ab3645835", "action_flag": 3, "change_message": ""}}, {"model": "admin.logentry", "pk": 204, "fields": {"action_time": "2020-10-15T05:40:15.053Z", "user": 2, "content_type": 8, "object_id": "b358b729-b2c1-4404-9432-cc84f027c7b3", "object_repr": "b358b729-b2c1-4404-9432-cc84f027c7b3", "action_flag": 3, "change_message": ""}}, {"model": "admin.logentry", "pk": 205, "fields": {"action_time": "2020-10-15T05:40:15.057Z", "user": 2, "content_type": 8, "object_id": "aec53406-cc7a-432d-aa71-e3842b005aa8", "object_repr": "aec53406-cc7a-432d-aa71-e3842b005aa8", "action_flag": 3, "change_message": ""}}, {"model": "admin.logentry", "pk": 206, "fields": {"action_time": "2020-10-15T05:40:15.061Z", "user": 2, "content_type": 8, "object_id": "ae7f020d-0e74-4ad9-a30e-e3427748de7e", "object_repr": "ae7f020d-0e74-4ad9-a30e-e3427748de7e", "action_flag": 3, "change_message": ""}}, {"model": "admin.logentry", "pk": 207, "fields": {"action_time": "2020-10-15T05:40:15.065Z", "user": 2, "content_type": 8, "object_id": "ae18266a-a67f-44d3-8824-d7755cd1d0b6", "object_repr": "ae18266a-a67f-44d3-8824-d7755cd1d0b6", "action_flag": 3, "change_message": ""}}, {"model": "admin.logentry", "pk": 208, "fields": {"action_time": "2020-10-15T05:40:15.069Z", "user": 2, "content_type": 8, "object_id": "a754a1da-699c-47b9-942d-5e40d9163bea", "object_repr": "a754a1da-699c-47b9-942d-5e40d9163bea", "action_flag": 3, "change_message": ""}}, {"model": "admin.logentry", "pk": 209, "fields": {"action_time": "2020-10-15T05:40:15.074Z", "user": 2, "content_type": 8, "object_id": "a650e5e6-0d50-4571-854d-96fb3aa8440a", "object_repr": "a650e5e6-0d50-4571-854d-96fb3aa8440a", "action_flag": 3, "change_message": ""}}, {"model": "admin.logentry", "pk": 210, "fields": {"action_time": "2020-10-15T05:40:15.079Z", "user": 2, "content_type": 8, "object_id": "a2d38202-6c1b-4016-b150-57779bea69e5", "object_repr": "a2d38202-6c1b-4016-b150-57779bea69e5", "action_flag": 3, "change_message": ""}}, {"model": "admin.logentry", "pk": 211, "fields": {"action_time": "2020-10-15T05:40:15.083Z", "user": 2, "content_type": 8, "object_id": "95072af4-d5ff-4ea5-b21c-836600f45660", "object_repr": "95072af4-d5ff-4ea5-b21c-836600f45660", "action_flag": 3, "change_message": ""}}, {"model": "admin.logentry", "pk": 212, "fields": {"action_time": "2020-10-15T05:40:15.087Z", "user": 2, "content_type": 8, "object_id": "8888a8d8-3c43-40a1-8a57-61310a7c26ef", "object_repr": "8888a8d8-3c43-40a1-8a57-61310a7c26ef", "action_flag": 3, "change_message": ""}}, {"model": "admin.logentry", "pk": 213, "fields": {"action_time": "2020-10-15T05:40:15.091Z", "user": 2, "content_type": 8, "object_id": "84de62b2-227c-48c9-a47b-2f299b83679d", "object_repr": "84de62b2-227c-48c9-a47b-2f299b83679d", "action_flag": 3, "change_message": ""}}, {"model": "admin.logentry", "pk": 214, "fields": {"action_time": "2020-10-15T05:40:15.095Z", "user": 2, "content_type": 8, "object_id": "7fefebea-e7ff-4461-9c00-7b5589c5cc7f", "object_repr": "7fefebea-e7ff-4461-9c00-7b5589c5cc7f", "action_flag": 3, "change_message": ""}}, {"model": "admin.logentry", "pk": 215, "fields": {"action_time": "2020-10-15T05:40:15.099Z", "user": 2, "content_type": 8, "object_id": "7d011006-9f26-487b-9156-91d2cc2bb58f", "object_repr": "7d011006-9f26-487b-9156-91d2cc2bb58f", "action_flag": 3, "change_message": ""}}, {"model": "admin.logentry", "pk": 216, "fields": {"action_time": "2020-10-15T05:40:15.104Z", "user": 2, "content_type": 8, "object_id": "7cf34534-a84d-4a4f-a3f8-38a0c90edd7e", "object_repr": "7cf34534-a84d-4a4f-a3f8-38a0c90edd7e", "action_flag": 3, "change_message": ""}}, {"model": "admin.logentry", "pk": 217, "fields": {"action_time": "2020-10-15T05:40:15.109Z", "user": 2, "content_type": 8, "object_id": "7aa6f517-6012-4a8c-af1f-eaddb167c83d", "object_repr": "7aa6f517-6012-4a8c-af1f-eaddb167c83d", "action_flag": 3, "change_message": ""}}, {"model": "admin.logentry", "pk": 218, "fields": {"action_time": "2020-10-15T05:40:15.113Z", "user": 2, "content_type": 8, "object_id": "77ea3588-4f2f-47fa-b6f1-9c450d4ed617", "object_repr": "77ea3588-4f2f-47fa-b6f1-9c450d4ed617", "action_flag": 3, "change_message": ""}}, {"model": "admin.logentry", "pk": 219, "fields": {"action_time": "2020-10-15T05:40:15.117Z", "user": 2, "content_type": 8, "object_id": "710f18af-add1-4df0-bd72-5ecdef69bd53", "object_repr": "710f18af-add1-4df0-bd72-5ecdef69bd53", "action_flag": 3, "change_message": ""}}, {"model": "admin.logentry", "pk": 220, "fields": {"action_time": "2020-10-15T05:40:15.121Z", "user": 2, "content_type": 8, "object_id": "6acd63eb-e4dd-42ea-a189-0458884c5fad", "object_repr": "6acd63eb-e4dd-42ea-a189-0458884c5fad", "action_flag": 3, "change_message": ""}}, {"model": "admin.logentry", "pk": 221, "fields": {"action_time": "2020-10-15T05:40:15.125Z", "user": 2, "content_type": 8, "object_id": "691bce51-b7c9-49da-8e92-22b39973e720", "object_repr": "691bce51-b7c9-49da-8e92-22b39973e720", "action_flag": 3, "change_message": ""}}, {"model": "admin.logentry", "pk": 222, "fields": {"action_time": "2020-10-15T05:40:15.131Z", "user": 2, "content_type": 8, "object_id": "65d0bfd7-d398-471e-8def-03c22de0634c", "object_repr": "65d0bfd7-d398-471e-8def-03c22de0634c", "action_flag": 3, "change_message": ""}}, {"model": "admin.logentry", "pk": 223, "fields": {"action_time": "2020-10-15T05:40:15.135Z", "user": 2, "content_type": 8, "object_id": "639e9a77-7a9f-45df-ace0-d05a65f634ac", "object_repr": "639e9a77-7a9f-45df-ace0-d05a65f634ac", "action_flag": 3, "change_message": ""}}, {"model": "admin.logentry", "pk": 224, "fields": {"action_time": "2020-10-15T05:40:15.139Z", "user": 2, "content_type": 8, "object_id": "5f9efcb7-ab81-445b-84b4-1021df66e0ec", "object_repr": "5f9efcb7-ab81-445b-84b4-1021df66e0ec", "action_flag": 3, "change_message": ""}}, {"model": "admin.logentry", "pk": 225, "fields": {"action_time": "2020-10-15T05:40:15.143Z", "user": 2, "content_type": 8, "object_id": "59dea280-e4e2-4fe7-a9ce-9179721828d1", "object_repr": "59dea280-e4e2-4fe7-a9ce-9179721828d1", "action_flag": 3, "change_message": ""}}, {"model": "admin.logentry", "pk": 226, "fields": {"action_time": "2020-10-15T05:40:15.147Z", "user": 2, "content_type": 8, "object_id": "513de2af-40f4-4d94-8c30-ab7800f516a7", "object_repr": "513de2af-40f4-4d94-8c30-ab7800f516a7", "action_flag": 3, "change_message": ""}}, {"model": "admin.logentry", "pk": 227, "fields": {"action_time": "2020-10-15T05:40:15.151Z", "user": 2, "content_type": 8, "object_id": "3d62c17e-b7b5-4715-a8f3-579b490b830d", "object_repr": "3d62c17e-b7b5-4715-a8f3-579b490b830d", "action_flag": 3, "change_message": ""}}, {"model": "admin.logentry", "pk": 228, "fields": {"action_time": "2020-10-15T05:40:15.155Z", "user": 2, "content_type": 8, "object_id": "385c4cf1-56df-4598-b4f6-e3f47bfef4d8", "object_repr": "385c4cf1-56df-4598-b4f6-e3f47bfef4d8", "action_flag": 3, "change_message": ""}}, {"model": "admin.logentry", "pk": 229, "fields": {"action_time": "2020-10-15T05:40:15.160Z", "user": 2, "content_type": 8, "object_id": "37324750-9f21-4063-bd75-9e10a97a411a", "object_repr": "37324750-9f21-4063-bd75-9e10a97a411a", "action_flag": 3, "change_message": ""}}, {"model": "admin.logentry", "pk": 230, "fields": {"action_time": "2020-10-15T05:40:15.164Z", "user": 2, "content_type": 8, "object_id": "2d4bbedd-3ee7-4086-b1a9-5476785dc1b5", "object_repr": "2d4bbedd-3ee7-4086-b1a9-5476785dc1b5", "action_flag": 3, "change_message": ""}}, {"model": "admin.logentry", "pk": 231, "fields": {"action_time": "2020-10-15T05:40:15.168Z", "user": 2, "content_type": 8, "object_id": "28876af7-dad7-47ce-b7af-b6f01c4ccde4", "object_repr": "28876af7-dad7-47ce-b7af-b6f01c4ccde4", "action_flag": 3, "change_message": ""}}, {"model": "admin.logentry", "pk": 232, "fields": {"action_time": "2020-10-15T05:40:15.172Z", "user": 2, "content_type": 8, "object_id": "21e782f1-4990-4dd0-9b8b-5e25aaf927d1", "object_repr": "21e782f1-4990-4dd0-9b8b-5e25aaf927d1", "action_flag": 3, "change_message": ""}}, {"model": "admin.logentry", "pk": 233, "fields": {"action_time": "2020-10-15T05:40:15.177Z", "user": 2, "content_type": 8, "object_id": "1a791776-a6b5-411f-9690-195d37644886", "object_repr": "1a791776-a6b5-411f-9690-195d37644886", "action_flag": 3, "change_message": ""}}, {"model": "admin.logentry", "pk": 234, "fields": {"action_time": "2020-10-15T05:40:15.182Z", "user": 2, "content_type": 8, "object_id": "171acf1b-5d68-4248-a21c-3442af480095", "object_repr": "171acf1b-5d68-4248-a21c-3442af480095", "action_flag": 3, "change_message": ""}}, {"model": "admin.logentry", "pk": 235, "fields": {"action_time": "2020-10-15T05:40:15.189Z", "user": 2, "content_type": 8, "object_id": "162ed0f8-bbbe-4154-93f8-9b473297491f", "object_repr": "162ed0f8-bbbe-4154-93f8-9b473297491f", "action_flag": 3, "change_message": ""}}, {"model": "admin.logentry", "pk": 236, "fields": {"action_time": "2020-10-15T05:40:15.193Z", "user": 2, "content_type": 8, "object_id": "15a5b240-a0cf-4683-95d7-3e1bb80d99ab", "object_repr": "15a5b240-a0cf-4683-95d7-3e1bb80d99ab", "action_flag": 3, "change_message": ""}}, {"model": "admin.logentry", "pk": 237, "fields": {"action_time": "2020-10-15T05:40:15.197Z", "user": 2, "content_type": 8, "object_id": "0d911839-9f07-494d-b969-a17021bd3e4f", "object_repr": "0d911839-9f07-494d-b969-a17021bd3e4f", "action_flag": 3, "change_message": ""}}, {"model": "admin.logentry", "pk": 238, "fields": {"action_time": "2020-10-15T05:40:15.201Z", "user": 2, "content_type": 8, "object_id": "0b4a4090-dfab-45a2-b1df-74c099155394", "object_repr": "0b4a4090-dfab-45a2-b1df-74c099155394", "action_flag": 3, "change_message": ""}}, {"model": "admin.logentry", "pk": 239, "fields": {"action_time": "2020-10-15T05:40:15.206Z", "user": 2, "content_type": 8, "object_id": "0524e669-e0e0-4385-ab7d-defa7cb84cad", "object_repr": "0524e669-e0e0-4385-ab7d-defa7cb84cad", "action_flag": 3, "change_message": ""}}, {"model": "admin.logentry", "pk": 240, "fields": {"action_time": "2020-10-24T07:17:16.408Z", "user": 2, "content_type": 20, "object_id": "1", "object_repr": "every minute", "action_flag": 1, "change_message": "[{\"added\": {}}]"}}, {"model": "admin.logentry", "pk": 241, "fields": {"action_time": "2020-10-24T07:17:22.486Z", "user": 2, "content_type": 21, "object_id": "1", "object_repr": "Expired: every minute", "action_flag": 1, "change_message": "[{\"added\": {}}]"}}, {"model": "admin.logentry", "pk": 242, "fields": {"action_time": "2020-10-24T07:36:16.889Z", "user": 2, "content_type": 20, "object_id": "2", "object_repr": "every 2 minutes", "action_flag": 1, "change_message": "[{\"added\": {}}]"}}, {"model": "admin.logentry", "pk": 243, "fields": {"action_time": "2020-10-24T07:36:22.394Z", "user": 2, "content_type": 21, "object_id": "3", "object_repr": "Delete Expired: every 2 minutes", "action_flag": 1, "change_message": "[{\"added\": {}}]"}}, {"model": "admin.logentry", "pk": 244, "fields": {"action_time": "2020-10-24T07:53:23.844Z", "user": 2, "content_type": 4, "object_id": "12", "object_repr": "demo", "action_flag": 2, "change_message": "[{\"changed\": {\"fields\": [\"First name\", \"Last name\", \"Staff status\", \"Superuser status\", \"User permissions\"]}}]"}}, {"model": "admin.logentry", "pk": 245, "fields": {"action_time": "2020-10-24T07:54:12.690Z", "user": 2, "content_type": 7, "object_id": "11", "object_repr": "demo", "action_flag": 2, "change_message": "[{\"changed\": {\"fields\": [\"First name\", \"Last name\", \"Location\", \"Url\", \"Profile info\", \"Favorites\"]}}]"}}]